workspace,name,version,license,direct,homepage,repository,path
"server","json-schema","0.4.0","(AFL-2.1 OR BSD-3-Clause)","false","","http://github.com/kriszyp/json-schema","server/node_modules/json-schema"
"client","rc","1.2.8","(BSD-2-Clause OR MIT OR Apache-2.0)","false","","https://github.com/dominictarr/rc.git","node_modules/rc"
"server","rc","1.2.8","(BSD-2-Clause OR MIT OR Apache-2.0)","false","","https://github.com/dominictarr/rc.git","server/node_modules/rc"
"client","node-forge","1.4.0","(BSD-3-Clause OR GPL-2.0)","false","https://github.com/digitalbazaar/forge","https://github.com/digitalbazaar/forge","node_modules/node-forge"
"client","@fortawesome/free-brands-svg-icons","5.15.4","(CC-BY-4.0 AND MIT)","true","https://fontawesome.com","https://github.com/FortAwesome/Font-Awesome","node_modules/@fortawesome/free-brands-svg-icons"
"client","@fortawesome/free-regular-svg-icons","5.15.4","(CC-BY-4.0 AND MIT)","true","https://fontawesome.com","https://github.com/FortAwesome/Font-Awesome","node_modules/@fortawesome/free-regular-svg-icons"
"client","@fortawesome/free-solid-svg-icons","5.15.4","(CC-BY-4.0 AND MIT)","true","https://fontawesome.com","https://github.com/FortAwesome/Font-Awesome","node_modules/@fortawesome/free-solid-svg-icons"
"client","sha.js","2.4.12","(MIT AND BSD-3-Clause)","false","https://github.com/crypto-browserify/sha.js","git://github.com/crypto-browserify/sha.js.git","node_modules/sha.js"
"server","sha.js","2.4.12","(MIT AND BSD-3-Clause)","false","https://github.com/crypto-browserify/sha.js","git://github.com/crypto-browserify/sha.js.git","server/node_modules/sha.js"
"client","pako","2.1.0","(MIT AND Zlib)","false","","nodeca/pako","node_modules/pako"
"server","pako","1.0.11","(MIT AND Zlib)","false","https://github.com/nodeca/pako","nodeca/pako","server/node_modules/pako"
"client","atob","2.1.2","(MIT OR Apache-2.0)","false","https://git.coolaj86.com/coolaj86/atob.js.git","git://git.coolaj86.com/coolaj86/atob.js.git","node_modules/atob"
"client","type-fest","0.20.2","(MIT OR CC0-1.0)","false","","sindresorhus/type-fest","node_modules/type-fest"
"server","type-fest","0.21.3","(MIT OR CC0-1.0)","false","","sindresorhus/type-fest","server/node_modules/type-fest"
"client","jszip","3.10.1","(MIT OR GPL-3.0-or-later)","true","","https://github.com/Stuk/jszip.git","node_modules/jszip"
"client","dompurify","3.4.5","(MPL-2.0 OR Apache-2.0)","false","https://github.com/cure53/DOMPurify","git://github.com/cure53/DOMPurify.git","node_modules/dompurify"
"client","opener","1.4.3","(WTFPL OR MIT)","false","","domenic/opener","node_modules/opener"
"client","path-is-inside","1.0.2","(WTFPL OR MIT)","false","","domenic/path-is-inside","node_modules/path-is-inside"
"server","path-is-inside","1.0.2","(WTFPL OR MIT)","false","","domenic/path-is-inside","server/node_modules/path-is-inside"
"client","is-whitespace","0.3.0","{""type"":""MIT"",""url"":""https://github.com/jonschlinkert/is-whitespace/blob/master/LICENSE""}","false","https://github.com/jonschlinkert/is-whitespace","git://github.com/jonschlinkert/is-whitespace.git","node_modules/is-whitespace"
"client","config-chain","1.1.13","{""type"":""MIT"",""url"":""https://raw.githubusercontent.com/dominictarr/config-chain/master/LICENCE""}","false","http://github.com/dominictarr/config-chain","https://github.com/dominictarr/config-chain.git","node_modules/config-chain"
"client","password-prompt","1.1.3","0BSD","false","https://github.com/jdxcode/password-prompt","https://github.com/jdxcode/password-prompt","node_modules/password-prompt"
"client","tslib","1.14.1","0BSD","false","https://www.typescriptlang.org/","https://github.com/Microsoft/tslib.git","node_modules/tslib"
"server","@aws-crypto/crc32","5.2.0","Apache-2.0","false","https://github.com/aws/aws-sdk-js-crypto-helpers/tree/master/packages/crc32","git@github.com:aws/aws-sdk-js-crypto-helpers.git","server/node_modules/@aws-crypto/crc32"
"server","@aws-crypto/crc32c","5.2.0","Apache-2.0","false","https://github.com/aws/aws-sdk-js-crypto-helpers/tree/master/packages/crc32c","git@github.com:aws/aws-sdk-js-crypto-helpers.git","server/node_modules/@aws-crypto/crc32c"
"server","@aws-crypto/sha1-browser","5.2.0","Apache-2.0","false","https://github.com/aws/aws-sdk-js-crypto-helpers/tree/master/packages/sha1-browser","git@github.com:aws/aws-sdk-js-crypto-helpers.git","server/node_modules/@aws-crypto/sha1-browser"
"server","@aws-crypto/sha256-browser","5.2.0","Apache-2.0","false","https://github.com/aws/aws-sdk-js-crypto-helpers/tree/master/packages/sha256-browser","git@github.com:aws/aws-sdk-js-crypto-helpers.git","server/node_modules/@aws-crypto/sha256-browser"
"server","@aws-crypto/sha256-js","5.2.0","Apache-2.0","false","https://github.com/aws/aws-sdk-js-crypto-helpers/tree/master/packages/sha256-js","git@github.com:aws/aws-sdk-js-crypto-helpers.git","server/node_modules/@aws-crypto/sha256-js"
"server","@aws-crypto/supports-web-crypto","5.2.0","Apache-2.0","false","https://github.com/aws/aws-sdk-js-crypto-helpers/tree/master/packages/supports-web-crypto","git@github.com:aws/aws-sdk-js-crypto-helpers.git","server/node_modules/@aws-crypto/supports-web-crypto"
"server","@aws-crypto/util","5.2.0","Apache-2.0","false","https://github.com/aws/aws-sdk-js-crypto-helpers/tree/master/packages/util","git@github.com:aws/aws-sdk-js-crypto-helpers.git","server/node_modules/@aws-crypto/util"
"server","@aws-sdk/checksums","3.1000.2","Apache-2.0","false","https://github.com/aws/aws-sdk-js-v3/tree/main/packages-internal/checksums","https://github.com/aws/aws-sdk-js-v3.git","server/node_modules/@aws-sdk/checksums"
"server","@aws-sdk/client-s3","3.1063.0","Apache-2.0","true","https://github.com/aws/aws-sdk-js-v3/tree/main/clients/client-s3","https://github.com/aws/aws-sdk-js-v3.git","server/node_modules/@aws-sdk/client-s3"
"server","@aws-sdk/core","3.974.18","Apache-2.0","false","https://github.com/aws/aws-sdk-js-v3/tree/main/packages-internal/core","https://github.com/aws/aws-sdk-js-v3.git","server/node_modules/@aws-sdk/core"
"server","@aws-sdk/credential-provider-env","3.972.44","Apache-2.0","false","https://github.com/aws/aws-sdk-js-v3/tree/main/packages-internal/credential-provider-env","https://github.com/aws/aws-sdk-js-v3.git","server/node_modules/@aws-sdk/credential-provider-env"
"server","@aws-sdk/credential-provider-http","3.972.46","Apache-2.0","false","https://github.com/aws/aws-sdk-js-v3/tree/main/packages-internal/credential-provider-http","https://github.com/aws/aws-sdk-js-v3.git","server/node_modules/@aws-sdk/credential-provider-http"
"server","@aws-sdk/credential-provider-ini","3.972.50","Apache-2.0","false","https://github.com/aws/aws-sdk-js-v3/tree/main/packages-internal/credential-provider-ini","https://github.com/aws/aws-sdk-js-v3.git","server/node_modules/@aws-sdk/credential-provider-ini"
"server","@aws-sdk/credential-provider-login","3.972.49","Apache-2.0","false","https://github.com/aws/aws-sdk-js-v3/tree/main/packages-internal/credential-provider-login","https://github.com/aws/aws-sdk-js-v3.git","server/node_modules/@aws-sdk/credential-provider-login"
"server","@aws-sdk/credential-provider-node","3.972.52","Apache-2.0","false","https://github.com/aws/aws-sdk-js-v3/tree/main/packages-internal/credential-provider-node","https://github.com/aws/aws-sdk-js-v3.git","server/node_modules/@aws-sdk/credential-provider-node"
"server","@aws-sdk/credential-provider-process","3.972.44","Apache-2.0","false","https://github.com/aws/aws-sdk-js-v3/tree/main/packages-internal/credential-provider-process","https://github.com/aws/aws-sdk-js-v3.git","server/node_modules/@aws-sdk/credential-provider-process"
"server","@aws-sdk/credential-provider-sso","3.972.49","Apache-2.0","false","https://github.com/aws/aws-sdk-js-v3/tree/main/packages-internal/credential-provider-sso","https://github.com/aws/aws-sdk-js-v3.git","server/node_modules/@aws-sdk/credential-provider-sso"
"server","@aws-sdk/credential-provider-web-identity","3.972.49","Apache-2.0","false","https://github.com/aws/aws-sdk-js-v3/tree/main/packages-internal/credential-provider-web-identity","https://github.com/aws/aws-sdk-js-v3.git","server/node_modules/@aws-sdk/credential-provider-web-identity"
"server","@aws-sdk/lib-storage","3.1063.0","Apache-2.0","true","https://github.com/aws/aws-sdk-js-v3/tree/main/lib/lib-storage","https://github.com/aws/aws-sdk-js-v3.git","server/node_modules/@aws-sdk/lib-storage"
"server","@aws-sdk/middleware-flexible-checksums","3.974.27","Apache-2.0","false","https://github.com/aws/aws-sdk-js-v3/tree/main/packages-internal/middleware-flexible-checksums","https://github.com/aws/aws-sdk-js-v3.git","server/node_modules/@aws-sdk/middleware-flexible-checksums"
"server","@aws-sdk/middleware-sdk-s3","3.972.48","Apache-2.0","false","https://github.com/aws/aws-sdk-js-v3/tree/main/packages-internal/middleware-sdk-s3","https://github.com/aws/aws-sdk-js-v3.git","server/node_modules/@aws-sdk/middleware-sdk-s3"
"server","@aws-sdk/nested-clients","3.997.17","Apache-2.0","false","https://github.com/aws/aws-sdk-js-v3/tree/main/packages/nested-clients","https://github.com/aws/aws-sdk-js-v3.git","server/node_modules/@aws-sdk/nested-clients"
"server","@aws-sdk/signature-v4-multi-region","3.996.32","Apache-2.0","false","https://github.com/aws/aws-sdk-js-v3/tree/main/packages/signature-v4-multi-region","https://github.com/aws/aws-sdk-js-v3.git","server/node_modules/@aws-sdk/signature-v4-multi-region"
"server","@aws-sdk/token-providers","3.1063.0","Apache-2.0","false","https://github.com/aws/aws-sdk-js-v3/tree/main/packages/token-providers","https://github.com/aws/aws-sdk-js-v3.git","server/node_modules/@aws-sdk/token-providers"
"server","@aws-sdk/types","3.973.11","Apache-2.0","false","https://github.com/aws/aws-sdk-js-v3/tree/main/packages-internal/types","https://github.com/aws/aws-sdk-js-v3.git","server/node_modules/@aws-sdk/types"
"server","@aws-sdk/util-locate-window","3.965.6","Apache-2.0","false","https://github.com/aws/aws-sdk-js-v3/tree/main/packages-internal/util-locate-window","https://github.com/aws/aws-sdk-js-v3.git","server/node_modules/@aws-sdk/util-locate-window"
"server","@aws-sdk/xml-builder","3.972.28","Apache-2.0","false","https://github.com/aws/aws-sdk-js-v3/tree/main/packages-internal/xml-builder","https://github.com/aws/aws-sdk-js-v3.git","server/node_modules/@aws-sdk/xml-builder"
"server","@aws/lambda-invoke-store","0.2.4","Apache-2.0","false","https://github.com/awslabs/aws-lambda-invoke-store","git+https://github.com/awslabs/aws-lambda-invoke-store.git","server/node_modules/@aws/lambda-invoke-store"
"client","@cesium/engine","24.0.0","Apache-2.0","false","https://cesium.com/cesiumjs/","git+https://github.com/CesiumGS/cesium.git","node_modules/@cesium/engine"
"client","@cesium/wasm-splats","0.1.0-alpha.2","Apache-2.0","false","https://cesium.com/cesiumjs/","https://github.com/CesiumGS/cesium-wasm-utils","node_modules/@cesium/wasm-splats"
"client","@cesium/widgets","14.5.0","Apache-2.0","false","https://cesium.com/cesiumjs/","git+https://github.com/CesiumGS/cesium.git","node_modules/@cesium/widgets"
"client","@humanwhocodes/config-array","0.5.0","Apache-2.0","false","https://github.com/humanwhocodes/config-array#readme","git+https://github.com/humanwhocodes/config-array.git","node_modules/@humanwhocodes/config-array"
"server","@prisma/client","6.19.3","Apache-2.0","true","https://www.prisma.io","https://github.com/prisma/prisma.git","server/node_modules/@prisma/client"
"server","@prisma/config","6.19.3","Apache-2.0","false","","https://github.com/prisma/prisma.git","server/node_modules/@prisma/config"
"server","@prisma/debug","6.19.3","Apache-2.0","false","https://www.prisma.io","https://github.com/prisma/prisma.git","server/node_modules/@prisma/debug"
"server","@prisma/engines","6.19.3","Apache-2.0","false","","https://github.com/prisma/prisma.git","server/node_modules/@prisma/engines"
"server","@prisma/engines-version","7.1.1-3.c2990dca591cba766e3b7ef5d9e8a84796e47ab7","Apache-2.0","false","","https://github.com/prisma/engines-wrapper.git","server/node_modules/@prisma/engines-version"
"server","@prisma/fetch-engine","6.19.3","Apache-2.0","false","https://www.prisma.io","https://github.com/prisma/prisma.git","server/node_modules/@prisma/fetch-engine"
"server","@prisma/get-platform","6.19.3","Apache-2.0","false","https://www.prisma.io","https://github.com/prisma/prisma.git","server/node_modules/@prisma/get-platform"
"server","@smithy/core","3.24.6","Apache-2.0","false","https://github.com/smithy-lang/smithy-typescript/tree/main/packages/core","https://github.com/smithy-lang/smithy-typescript.git","server/node_modules/@smithy/core"
"server","@smithy/credential-provider-imds","4.3.8","Apache-2.0","false","https://github.com/smithy-lang/smithy-typescript/tree/main/packages/credential-provider-imds","https://github.com/smithy-lang/smithy-typescript.git","server/node_modules/@smithy/credential-provider-imds"
"server","@smithy/fetch-http-handler","5.4.6","Apache-2.0","false","https://github.com/smithy-lang/smithy-typescript/tree/main/packages/fetch-http-handler","https://github.com/smithy-lang/smithy-typescript.git","server/node_modules/@smithy/fetch-http-handler"
"server","@smithy/is-array-buffer","2.2.0","Apache-2.0","false","https://github.com/awslabs/smithy-typescript/tree/main/packages/is-array-buffer","https://github.com/awslabs/smithy-typescript.git","server/node_modules/@smithy/is-array-buffer"
"server","@smithy/node-http-handler","4.7.7","Apache-2.0","false","https://github.com/smithy-lang/smithy-typescript/tree/main/packages/node-http-handler","https://github.com/smithy-lang/smithy-typescript.git","server/node_modules/@smithy/node-http-handler"
"server","@smithy/signature-v4","5.4.6","Apache-2.0","false","https://github.com/smithy-lang/smithy-typescript/tree/main/packages/signature-v4","https://github.com/smithy-lang/smithy-typescript.git","server/node_modules/@smithy/signature-v4"
"server","@smithy/types","4.14.3","Apache-2.0","false","https://github.com/smithy-lang/smithy-typescript/tree/main/packages/types","https://github.com/smithy-lang/smithy-typescript.git","server/node_modules/@smithy/types"
"server","@smithy/util-buffer-from","2.2.0","Apache-2.0","false","https://github.com/awslabs/smithy-typescript/tree/main/packages/util-buffer-from","https://github.com/awslabs/smithy-typescript.git","server/node_modules/@smithy/util-buffer-from"
"server","@smithy/util-utf8","2.3.0","Apache-2.0","false","https://github.com/awslabs/smithy-typescript/tree/main/packages/util-utf8","https://github.com/awslabs/smithy-typescript.git","server/node_modules/@smithy/util-utf8"
"client","@spz-loader/core","0.3.1","Apache-2.0","false","https://github.com/drumath2237/spz-loader","https://github.com/drumath2237/spz-loader","node_modules/@spz-loader/core"
"client","@videojs/http-streaming","2.16.3","Apache-2.0","false","","git@github.com:videojs/http-streaming.git","node_modules/@videojs/http-streaming"
"client","@webassemblyjs/leb128","1.13.2","Apache-2.0","false","","https://github.com/xtuc/webassemblyjs.git","node_modules/@webassemblyjs/leb128"
"client","@xtuc/long","4.2.2","Apache-2.0","false","","https://github.com/dcodeIO/long.js.git","node_modules/@xtuc/long"
"client","aes-decrypter","3.1.3","Apache-2.0","false","https://github.com/videojs/aes-decrypter#readme","git+https://github.com/videojs/aes-decrypter.git","node_modules/aes-decrypter"
"client","ansi-html-community","0.0.8","Apache-2.0","false","https://github.com/mahdyar/ansi-html-community","git://github.com/mahdyar/ansi-html-community.git","node_modules/ansi-html-community"
"server","aws-sign2","0.7.0","Apache-2.0","false","","https://github.com/mikeal/aws-sign","server/node_modules/aws-sign2"
"client","baseline-browser-mapping","2.10.32","Apache-2.0","false","","git+https://github.com/web-platform-dx/baseline-browser-mapping.git","node_modules/baseline-browser-mapping"
"server","baseline-browser-mapping","2.10.32","Apache-2.0","false","","git+https://github.com/web-platform-dx/baseline-browser-mapping.git","server/node_modules/baseline-browser-mapping"
"client","bser","2.1.1","Apache-2.0","false","https://facebook.github.io/watchman/docs/bser.html","https://github.com/facebook/watchman","node_modules/bser"
"server","bser","2.1.1","Apache-2.0","false","https://facebook.github.io/watchman/docs/bser.html","https://github.com/facebook/watchman","server/node_modules/bser"
"server","caseless","0.12.0","Apache-2.0","false","","https://github.com/mikeal/caseless","server/node_modules/caseless"
"client","cesium","1.140.0","Apache-2.0","true","http://cesium.com/cesiumjs/","https://github.com/CesiumGS/cesium.git","node_modules/cesium"
"server","cluster-key-slot","1.1.2","Apache-2.0","false","https://github.com/Salakar/cluster-key-slot#readme","git+https://github.com/Salakar/cluster-key-slot.git","server/node_modules/cluster-key-slot"
"server","denque","2.1.0","Apache-2.0","false","https://docs.page/invertase/denque","git+https://github.com/invertase/denque.git","server/node_modules/denque"
"server","detect-libc","2.1.2","Apache-2.0","false","","git://github.com/lovell/detect-libc.git","server/node_modules/detect-libc"
"client","doctrine","3.0.0","Apache-2.0","false","https://github.com/eslint/doctrine","eslint/doctrine","node_modules/doctrine"
"server","doctrine","3.0.0","Apache-2.0","false","https://github.com/eslint/doctrine","eslint/doctrine","server/node_modules/doctrine"
"client","draco3d","1.5.7","Apache-2.0","false","","git+https://github.com/google/draco.git","node_modules/draco3d"
"server","ecdsa-sig-formatter","1.0.11","Apache-2.0","false","https://github.com/Brightspace/node-ecdsa-sig-formatter#readme","git+ssh://git@github.com/Brightspace/node-ecdsa-sig-formatter.git","server/node_modules/ecdsa-sig-formatter"
"client","ejs","3.1.10","Apache-2.0","false","https://github.com/mde/ejs","git://github.com/mde/ejs.git","node_modules/ejs"
"client","eslint-visitor-keys","1.3.0","Apache-2.0","false","https://github.com/eslint/eslint-visitor-keys#readme","eslint/eslint-visitor-keys","node_modules/eslint-visitor-keys"
"server","eslint-visitor-keys","1.3.0","Apache-2.0","false","https://github.com/eslint/eslint-visitor-keys#readme","eslint/eslint-visitor-keys","server/node_modules/eslint-visitor-keys"
"client","faye-websocket","0.11.4","Apache-2.0","false","https://github.com/faye/faye-websocket-node","git://github.com/faye/faye-websocket-node.git","node_modules/faye-websocket"
"client","fb-watchman","2.0.2","Apache-2.0","false","https://facebook.github.io/watchman/","git@github.com:facebook/watchman.git","node_modules/fb-watchman"
"server","fb-watchman","2.0.2","Apache-2.0","false","https://facebook.github.io/watchman/","git@github.com:facebook/watchman.git","server/node_modules/fb-watchman"
"client","filelist","1.0.6","Apache-2.0","false","https://github.com/mde/filelist","git://github.com/mde/filelist.git","node_modules/filelist"
"server","forever-agent","0.6.1","Apache-2.0","false","","https://github.com/mikeal/forever-agent","server/node_modules/forever-agent"
"client","human-signals","2.1.0","Apache-2.0","false","https://git.io/JeluP","ehmicky/human-signals","node_modules/human-signals"
"server","human-signals","2.1.0","Apache-2.0","false","https://git.io/JeluP","ehmicky/human-signals","server/node_modules/human-signals"
"client","jake","10.9.4","Apache-2.0","false","","git://github.com/jakejs/jake.git","node_modules/jake"
"client","lerc","2.0.0","Apache-2.0","false","https://github.com/Esri/lerc","https://github.com/Esri/lerc.git","node_modules/lerc"
"client","long","5.3.2","Apache-2.0","false","","https://github.com/dcodeIO/long.js.git","node_modules/long"
"server","long","4.0.0","Apache-2.0","false","","https://github.com/dcodeIO/long.js.git","server/node_modules/long"
"client","m3u8-parser","4.8.0","Apache-2.0","false","","git@github.com:videojs/m3u8-parser.git","node_modules/m3u8-parser"
"client","mpd-parser","0.22.1","Apache-2.0","false","","git@github.com:videojs/mpd-parser.git","node_modules/mpd-parser"
"client","mux.js","6.0.1","Apache-2.0","false","","https://github.com/videojs/mux.js.git","node_modules/mux.js"
"server","oauth-sign","0.9.0","Apache-2.0","false","","https://github.com/mikeal/oauth-sign","server/node_modules/oauth-sign"
"client","pkcs7","1.0.4","Apache-2.0","false","https://github.com/brightcove/pkcs7","https://github.com/brightcove/pkcs7","node_modules/pkcs7"
"server","prisma","6.19.3","Apache-2.0","true","https://www.prisma.io","https://github.com/prisma/prisma.git","server/node_modules/prisma"
"server","request","2.88.2","Apache-2.0","false","","https://github.com/request/request.git","server/node_modules/request"
"client","rxjs","5.5.12","Apache-2.0","false","https://github.com/ReactiveX/RxJS","git@github.com:ReactiveX/RxJS.git","node_modules/rxjs"
"server","rxjs","6.6.7","Apache-2.0","false","https://github.com/ReactiveX/RxJS","https://github.com/reactivex/rxjs.git","server/node_modules/rxjs"
"server","sharp","0.34.5","Apache-2.0","true","https://sharp.pixelplumbing.com","git://github.com/lovell/sharp.git","server/node_modules/sharp"
"client","spdx-correct","3.2.0","Apache-2.0","false","","jslicense/spdx-correct.js","node_modules/spdx-correct"
"server","spdx-correct","3.2.0","Apache-2.0","false","","jslicense/spdx-correct.js","server/node_modules/spdx-correct"
"client","strip-pragma-loader","1.0.1","Apache-2.0","true","https://github.com/AnalyticalGraphicsInc/strip-pragma-loader","https://github.com/AnalyticalGraphicsInc/strip-pragma-loader","node_modules/strip-pragma-loader"
"server","tslib","1.11.1","Apache-2.0","false","https://www.typescriptlang.org/","https://github.com/Microsoft/tslib.git","server/node_modules/tslib"
"client","tunnel-agent","0.6.0","Apache-2.0","false","","https://github.com/mikeal/tunnel-agent","node_modules/tunnel-agent"
"server","tunnel-agent","0.6.0","Apache-2.0","false","","https://github.com/mikeal/tunnel-agent","server/node_modules/tunnel-agent"
"server","typescript","5.9.3","Apache-2.0","true","https://www.typescriptlang.org/","https://github.com/microsoft/TypeScript.git","server/node_modules/typescript"
"client","url-toolkit","2.2.5","Apache-2.0","false","https://github.com/tjenkinson/url-toolkit#readme","git+https://github.com/tjenkinson/url-toolkit.git","node_modules/url-toolkit"
"client","validate-npm-package-license","3.0.4","Apache-2.0","false","","kemitchell/validate-npm-package-license.js","node_modules/validate-npm-package-license"
"server","validate-npm-package-license","3.0.4","Apache-2.0","false","","kemitchell/validate-npm-package-license.js","server/node_modules/validate-npm-package-license"
"client","video.js","7.21.7","Apache-2.0","true","https://videojs.com","https://github.com/videojs/video.js.git","node_modules/video.js"
"client","videojs-font","3.2.0","Apache-2.0","false","https://github.com/videojs/font","https://github.com/videojs/font.git","node_modules/videojs-font"
"client","videojs-vtt.js","0.15.5","Apache-2.0","false","https://github.com/videojs/vtt.js","https://github.com/videojs/vtt.js.git","node_modules/videojs-vtt.js"
"client","walker","1.0.8","Apache-2.0","false","https://github.com/daaku/nodejs-walker","https://github.com/daaku/nodejs-walker","node_modules/walker"
"server","walker","1.0.8","Apache-2.0","false","https://github.com/daaku/nodejs-walker","https://github.com/daaku/nodejs-walker","server/node_modules/walker"
"client","websocket-driver","0.7.4","Apache-2.0","false","https://github.com/faye/websocket-driver-node","git://github.com/faye/websocket-driver-node.git","node_modules/websocket-driver"
"client","websocket-extensions","0.1.4","Apache-2.0","false","http://github.com/faye/websocket-extensions-node","git://github.com/faye/websocket-extensions-node.git","node_modules/websocket-extensions"
"client","xml-name-validator","4.0.0","Apache-2.0","false","","jsdom/xml-name-validator","node_modules/xml-name-validator"
"server","@img/sharp-win32-x64","0.34.5","Apache-2.0 AND LGPL-3.0-or-later","false","https://sharp.pixelplumbing.com","git+https://github.com/lovell/sharp.git","server/node_modules/@img/sharp-win32-x64"
"client","jackspeak","3.4.3","BlueOak-1.0.0","false","","git+https://github.com/isaacs/jackspeak.git","node_modules/jackspeak"
"client","package-json-from-dist","1.0.1","BlueOak-1.0.0","false","","git+https://github.com/isaacs/package-json-from-dist.git","node_modules/package-json-from-dist"
"client","path-scurry","1.11.1","BlueOak-1.0.0","false","","git+https://github.com/isaacs/path-scurry","node_modules/path-scurry"
"client","sax","1.6.0","BlueOak-1.0.0","false","","git+ssh://git@github.com/isaacs/sax-js.git","node_modules/sax"
"client","browser-process-hrtime","1.0.0","BSD-2-Clause","false","","git://github.com/kumavis/browser-process-hrtime.git","node_modules/browser-process-hrtime"
"client","configstore","3.1.5","BSD-2-Clause","false","","yeoman/configstore","node_modules/configstore"
"client","css-select","4.3.0","BSD-2-Clause","false","","git://github.com/fb55/css-select.git","node_modules/css-select"
"client","css-what","6.2.2","BSD-2-Clause","false","","https://github.com/fb55/css-what","node_modules/css-what"
"client","default-gateway","6.0.3","BSD-2-Clause","false","","silverwind/default-gateway","node_modules/default-gateway"
"client","domelementtype","2.3.0","BSD-2-Clause","false","","git://github.com/fb55/domelementtype.git","node_modules/domelementtype"
"client","domhandler","4.3.1","BSD-2-Clause","false","","git://github.com/fb55/domhandler.git","node_modules/domhandler"
"client","domutils","2.8.0","BSD-2-Clause","false","","git://github.com/fb55/domutils.git","node_modules/domutils"
"client","dotenv","10.0.0","BSD-2-Clause","false","","git://github.com/motdotla/dotenv.git","node_modules/dotenv"
"server","dotenv","16.6.1","BSD-2-Clause","true","https://github.com/motdotla/dotenv#readme","git://github.com/motdotla/dotenv.git","server/node_modules/dotenv"
"client","dotenv-expand","5.1.0","BSD-2-Clause","false","","","node_modules/dotenv-expand"
"client","entities","7.0.1","BSD-2-Clause","false","","https://github.com/fb55/entities.git","node_modules/entities"
"client","escodegen","2.1.0","BSD-2-Clause","false","http://github.com/estools/escodegen","http://github.com/estools/escodegen.git","node_modules/escodegen"
"client","eslint-scope","5.1.1","BSD-2-Clause","false","http://github.com/eslint/eslint-scope","eslint/eslint-scope","node_modules/eslint-scope"
"server","eslint-scope","4.0.3","BSD-2-Clause","false","http://github.com/eslint/eslint-scope","eslint/eslint-scope","server/node_modules/eslint-scope"
"client","espree","7.3.1","BSD-2-Clause","false","https://github.com/eslint/espree","eslint/espree","node_modules/espree"
"server","espree","5.0.1","BSD-2-Clause","false","https://github.com/eslint/espree","eslint/espree","server/node_modules/espree"
"client","esprima","4.0.1","BSD-2-Clause","false","http://esprima.org","https://github.com/jquery/esprima.git","node_modules/esprima"
"server","esprima","4.0.1","BSD-2-Clause","false","http://esprima.org","https://github.com/jquery/esprima.git","server/node_modules/esprima"
"client","esrecurse","4.3.0","BSD-2-Clause","false","https://github.com/estools/esrecurse","https://github.com/estools/esrecurse.git","node_modules/esrecurse"
"server","esrecurse","4.3.0","BSD-2-Clause","false","https://github.com/estools/esrecurse","https://github.com/estools/esrecurse.git","server/node_modules/esrecurse"
"client","estraverse","4.3.0","BSD-2-Clause","false","https://github.com/estools/estraverse","http://github.com/estools/estraverse.git","node_modules/estraverse"
"server","estraverse","4.3.0","BSD-2-Clause","false","https://github.com/estools/estraverse","http://github.com/estools/estraverse.git","server/node_modules/estraverse"
"client","esutils","2.0.3","BSD-2-Clause","false","https://github.com/estools/esutils","http://github.com/estools/esutils.git","node_modules/esutils"
"server","esutils","2.0.3","BSD-2-Clause","false","https://github.com/estools/esutils","http://github.com/estools/esutils.git","server/node_modules/esutils"
"client","git-parse","2.1.1","BSD-2-Clause","false","","https://github.com/wayfair/git-parse","node_modules/git-parse"
"client","glob-to-regexp","0.4.1","BSD-2-Clause","false","","https://github.com/fitzgen/glob-to-regexp.git","node_modules/glob-to-regexp"
"client","normalize-package-data","2.5.0","BSD-2-Clause","false","","git://github.com/npm/normalize-package-data.git","node_modules/normalize-package-data"
"server","normalize-package-data","2.5.0","BSD-2-Clause","false","","git://github.com/npm/normalize-package-data.git","server/node_modules/normalize-package-data"
"client","nth-check","2.1.1","BSD-2-Clause","false","https://github.com/fb55/nth-check","https://github.com/fb55/nth-check","node_modules/nth-check"
"client","ol","5.3.3","BSD-2-Clause","true","https://openlayers.org/","git://github.com/openlayers/openlayers.git","node_modules/ol"
"client","olcs","2.23.0","BSD-2-Clause","true","https://github.com/openlayers/ol-cesium/","git://github.com/openlayers/ol-cesium.git","node_modules/olcs"
"client","regjsparser","0.13.1","BSD-2-Clause","false","https://github.com/jviereck/regjsparser","git+ssh://git@github.com/jviereck/regjsparser.git","node_modules/regjsparser"
"client","staged-git-files","1.0.0","BSD-2-Clause","false","","git://github.com/mcwhittemore/staged-git-files.git","node_modules/staged-git-files"
"client","stringify-object","3.3.0","BSD-2-Clause","false","","yeoman/stringify-object","node_modules/stringify-object"
"client","terser","5.48.0","BSD-2-Clause","false","https://terser.org","https://github.com/terser/terser","node_modules/terser"
"server","uglify-js","3.19.3","BSD-2-Clause","false","","mishoo/UglifyJS","server/node_modules/uglify-js"
"client","update-notifier","2.5.0","BSD-2-Clause","false","","yeoman/update-notifier","node_modules/update-notifier"
"client","uri-js","4.4.1","BSD-2-Clause","false","https://github.com/garycourt/uri-js","http://github.com/garycourt/uri-js","node_modules/uri-js"
"server","uri-js","4.4.1","BSD-2-Clause","false","https://github.com/garycourt/uri-js","http://github.com/garycourt/uri-js","server/node_modules/uri-js"
"client","webidl-conversions","6.1.0","BSD-2-Clause","false","","jsdom/webidl-conversions","node_modules/webidl-conversions"
"server","webidl-conversions","3.0.1","BSD-2-Clause","false","","jsdom/webidl-conversions","server/node_modules/webidl-conversions"
"client","yarn","1.22.22","BSD-2-Clause","false","","yarnpkg/yarn","node_modules/yarn"
"client","@apollo/protobufjs","1.2.2","BSD-3-Clause","false","https://github.com/apollographql/protobuf.js","https://github.com/apollographql/protobuf.js.git","node_modules/@apollo/protobufjs"
"client","@hapi/hoek","9.3.0","BSD-3-Clause","false","","git://github.com/hapijs/hoek","node_modules/@hapi/hoek"
"client","@hapi/topo","5.1.0","BSD-3-Clause","false","","git://github.com/hapijs/topo","node_modules/@hapi/topo"
"client","@humanwhocodes/object-schema","1.2.1","BSD-3-Clause","false","https://github.com/humanwhocodes/object-schema#readme","git+https://github.com/humanwhocodes/object-schema.git","node_modules/@humanwhocodes/object-schema"
"client","@protobufjs/aspromise","1.1.2","BSD-3-Clause","false","","https://github.com/dcodeIO/protobuf.js.git","node_modules/@protobufjs/aspromise"
"server","@protobufjs/aspromise","1.1.2","BSD-3-Clause","false","","https://github.com/dcodeIO/protobuf.js.git","server/node_modules/@protobufjs/aspromise"
"client","@protobufjs/base64","1.1.2","BSD-3-Clause","false","","https://github.com/dcodeIO/protobuf.js.git","node_modules/@protobufjs/base64"
"server","@protobufjs/base64","1.1.2","BSD-3-Clause","false","","https://github.com/dcodeIO/protobuf.js.git","server/node_modules/@protobufjs/base64"
"client","@protobufjs/codegen","2.0.5","BSD-3-Clause","false","","https://github.com/dcodeIO/protobuf.js.git","node_modules/@protobufjs/codegen"
"server","@protobufjs/codegen","2.0.5","BSD-3-Clause","false","","https://github.com/dcodeIO/protobuf.js.git","server/node_modules/@protobufjs/codegen"
"client","@protobufjs/eventemitter","1.1.1","BSD-3-Clause","false","","https://github.com/dcodeIO/protobuf.js.git","node_modules/@protobufjs/eventemitter"
"server","@protobufjs/eventemitter","1.1.1","BSD-3-Clause","false","","https://github.com/dcodeIO/protobuf.js.git","server/node_modules/@protobufjs/eventemitter"
"client","@protobufjs/fetch","1.1.1","BSD-3-Clause","false","","https://github.com/dcodeIO/protobuf.js.git","node_modules/@protobufjs/fetch"
"server","@protobufjs/fetch","1.1.1","BSD-3-Clause","false","","https://github.com/dcodeIO/protobuf.js.git","server/node_modules/@protobufjs/fetch"
"client","@protobufjs/float","1.0.2","BSD-3-Clause","false","","https://github.com/dcodeIO/protobuf.js.git","node_modules/@protobufjs/float"
"server","@protobufjs/float","1.0.2","BSD-3-Clause","false","","https://github.com/dcodeIO/protobuf.js.git","server/node_modules/@protobufjs/float"
"client","@protobufjs/inquire","1.1.2","BSD-3-Clause","false","","https://github.com/dcodeIO/protobuf.js.git","node_modules/@protobufjs/inquire"
"server","@protobufjs/inquire","1.1.2","BSD-3-Clause","false","","https://github.com/dcodeIO/protobuf.js.git","server/node_modules/@protobufjs/inquire"
"client","@protobufjs/path","1.1.2","BSD-3-Clause","false","","https://github.com/dcodeIO/protobuf.js.git","node_modules/@protobufjs/path"
"server","@protobufjs/path","1.1.2","BSD-3-Clause","false","","https://github.com/dcodeIO/protobuf.js.git","server/node_modules/@protobufjs/path"
"client","@protobufjs/pool","1.1.0","BSD-3-Clause","false","","https://github.com/dcodeIO/protobuf.js.git","node_modules/@protobufjs/pool"
"server","@protobufjs/pool","1.1.0","BSD-3-Clause","false","","https://github.com/dcodeIO/protobuf.js.git","server/node_modules/@protobufjs/pool"
"client","@protobufjs/utf8","1.1.1","BSD-3-Clause","false","","https://github.com/dcodeIO/protobuf.js.git","node_modules/@protobufjs/utf8"
"server","@protobufjs/utf8","1.1.1","BSD-3-Clause","false","","https://github.com/dcodeIO/protobuf.js.git","server/node_modules/@protobufjs/utf8"
"client","@sideway/address","4.1.5","BSD-3-Clause","false","","git://github.com/sideway/address","node_modules/@sideway/address"
"client","@sideway/formula","3.0.1","BSD-3-Clause","false","","git://github.com/sideway/formula","node_modules/@sideway/formula"
"client","@sideway/pinpoint","2.0.0","BSD-3-Clause","false","","git://github.com/sideway/pinpoint","node_modules/@sideway/pinpoint"
"client","@sinonjs/commons","1.8.6","BSD-3-Clause","false","https://github.com/sinonjs/commons#readme","git+https://github.com/sinonjs/commons.git","node_modules/@sinonjs/commons"
"server","@sinonjs/commons","3.0.1","BSD-3-Clause","false","https://github.com/sinonjs/commons#readme","git+https://github.com/sinonjs/commons.git","server/node_modules/@sinonjs/commons"
"client","@sinonjs/fake-timers","8.1.0","BSD-3-Clause","false","https://github.com/sinonjs/fake-timers","https://github.com/sinonjs/fake-timers.git","node_modules/@sinonjs/fake-timers"
"server","@sinonjs/fake-timers","10.3.0","BSD-3-Clause","false","https://github.com/sinonjs/fake-timers","https://github.com/sinonjs/fake-timers.git","server/node_modules/@sinonjs/fake-timers"
"client","@xtuc/ieee754","1.2.0","BSD-3-Clause","false","","git://github.com/feross/ieee754.git","node_modules/@xtuc/ieee754"
"client","@zip.js/zip.js","2.8.26","BSD-3-Clause","false","https://gildas-lormeau.github.io/zip.js","git+https://github.com/gildas-lormeau/zip.js.git","node_modules/@zip.js/zip.js"
"client","abab","2.0.6","BSD-3-Clause","false","https://github.com/jsdom/abab#readme","git+https://github.com/jsdom/abab.git","node_modules/abab"
"client","babel-plugin-istanbul","6.1.1","BSD-3-Clause","false","https://github.com/istanbuljs/babel-plugin-istanbul#readme","git+https://github.com/istanbuljs/babel-plugin-istanbul.git","node_modules/babel-plugin-istanbul"
"server","babel-plugin-istanbul","6.1.1","BSD-3-Clause","false","https://github.com/istanbuljs/babel-plugin-istanbul#readme","git+https://github.com/istanbuljs/babel-plugin-istanbul.git","server/node_modules/babel-plugin-istanbul"
"server","bcrypt-pbkdf","1.0.2","BSD-3-Clause","false","","git://github.com/joyent/node-bcrypt-pbkdf.git","server/node_modules/bcrypt-pbkdf"
"server","buffer-equal-constant-time","1.0.1","BSD-3-Clause","false","","git@github.com:goinstant/buffer-equal-constant-time.git","server/node_modules/buffer-equal-constant-time"
"server","deepmerge-ts","7.1.5","BSD-3-Clause","false","https://github.com/RebeccaStevens/deepmerge-ts#readme","git+https://github.com/RebeccaStevens/deepmerge-ts.git","server/node_modules/deepmerge-ts"
"client","diff","4.0.4","BSD-3-Clause","false","","git://github.com/kpdecker/jsdiff.git","node_modules/diff"
"client","duplexer3","0.1.5","BSD-3-Clause","false","","sindresorhus/duplexer3","node_modules/duplexer3"
"client","esquery","1.7.0","BSD-3-Clause","false","https://github.com/estools/esquery/","https://github.com/estools/esquery.git","node_modules/esquery"
"server","esquery","1.7.0","BSD-3-Clause","false","https://github.com/estools/esquery/","https://github.com/estools/esquery.git","server/node_modules/esquery"
"client","fast-uri","3.1.2","BSD-3-Clause","false","https://github.com/fastify/fast-uri","git+https://github.com/fastify/fast-uri.git","node_modules/fast-uri"
"client","flat","5.0.2","BSD-3-Clause","false","https://github.com/hughsk/flat","git://github.com/hughsk/flat.git","node_modules/flat"
"client","global-agent","3.0.0","BSD-3-Clause","false","","https://github.com/gajus/global-agent","node_modules/global-agent"
"client","highlight.js","10.7.3","BSD-3-Clause","false","https://highlightjs.org/","git://github.com/highlightjs/highlight.js.git","node_modules/highlight.js"
"client","ieee754","1.2.1","BSD-3-Clause","false","","git://github.com/feross/ieee754.git","node_modules/ieee754"
"server","ieee754","1.1.13","BSD-3-Clause","false","","git://github.com/feross/ieee754.git","server/node_modules/ieee754"
"client","istanbul-lib-coverage","3.2.2","BSD-3-Clause","false","https://istanbul.js.org/","git+ssh://git@github.com/istanbuljs/istanbuljs.git","node_modules/istanbul-lib-coverage"
"server","istanbul-lib-coverage","3.2.2","BSD-3-Clause","false","https://istanbul.js.org/","git+ssh://git@github.com/istanbuljs/istanbuljs.git","server/node_modules/istanbul-lib-coverage"
"client","istanbul-lib-instrument","5.2.1","BSD-3-Clause","false","https://istanbul.js.org/","git+ssh://git@github.com/istanbuljs/istanbuljs.git","node_modules/istanbul-lib-instrument"
"server","istanbul-lib-instrument","6.0.3","BSD-3-Clause","false","https://istanbul.js.org/","git+ssh://git@github.com/istanbuljs/istanbuljs.git","server/node_modules/istanbul-lib-instrument"
"client","istanbul-lib-report","3.0.1","BSD-3-Clause","false","https://istanbul.js.org/","git+ssh://git@github.com/istanbuljs/istanbuljs.git","node_modules/istanbul-lib-report"
"server","istanbul-lib-report","3.0.1","BSD-3-Clause","false","https://istanbul.js.org/","git+ssh://git@github.com/istanbuljs/istanbuljs.git","server/node_modules/istanbul-lib-report"
"client","istanbul-lib-source-maps","4.0.1","BSD-3-Clause","false","https://istanbul.js.org/","git+ssh://git@github.com/istanbuljs/istanbuljs.git","node_modules/istanbul-lib-source-maps"
"server","istanbul-lib-source-maps","4.0.1","BSD-3-Clause","false","https://istanbul.js.org/","git+ssh://git@github.com/istanbuljs/istanbuljs.git","server/node_modules/istanbul-lib-source-maps"
"client","istanbul-reports","3.2.0","BSD-3-Clause","false","https://istanbul.js.org/","git+ssh://git@github.com/istanbuljs/istanbuljs.git","node_modules/istanbul-reports"
"server","istanbul-reports","3.2.0","BSD-3-Clause","false","https://istanbul.js.org/","git+ssh://git@github.com/istanbuljs/istanbuljs.git","server/node_modules/istanbul-reports"
"client","joi","17.13.3","BSD-3-Clause","false","","git://github.com/hapijs/joi","node_modules/joi"
"client","makeerror","1.0.12","BSD-3-Clause","false","","https://github.com/daaku/nodejs-makeerror","node_modules/makeerror"
"server","makeerror","1.0.12","BSD-3-Clause","false","","https://github.com/daaku/nodejs-makeerror","server/node_modules/makeerror"
"server","node-pre-gyp","0.11.0","BSD-3-Clause","false","","git://github.com/mapbox/node-pre-gyp.git","server/node_modules/node-pre-gyp"
"client","ol-ext","3.2.30","BSD-3-Clause","true","https://github.com/Viglino/ol-ext#,","git+https://github.com/Viglino/ol-ext.git","node_modules/ol-ext"
"client","pbf","3.1.0","BSD-3-Clause","false","https://github.com/mapbox/pbf","git@github.com:mapbox/pbf.git","node_modules/pbf"
"client","protobufjs","8.4.2","BSD-3-Clause","false","","protobufjs/protobuf.js","node_modules/protobufjs"
"client","qs","6.15.2","BSD-3-Clause","false","https://github.com/ljharb/qs","https://github.com/ljharb/qs.git","node_modules/qs"
"server","qs","6.15.2","BSD-3-Clause","false","https://github.com/ljharb/qs","https://github.com/ljharb/qs.git","server/node_modules/qs"
"client","roarr","2.15.4","BSD-3-Clause","false","","git@github.com:gajus/roarr.git","node_modules/roarr"
"client","serialize-javascript","6.0.2","BSD-3-Clause","false","https://github.com/yahoo/serialize-javascript","git+https://github.com/yahoo/serialize-javascript.git","node_modules/serialize-javascript"
"client","shelljs","0.8.5","BSD-3-Clause","false","http://github.com/shelljs/shelljs","git://github.com/shelljs/shelljs.git","node_modules/shelljs"
"client","source-map","0.6.1","BSD-3-Clause","false","https://github.com/mozilla/source-map","http://github.com/mozilla/source-map.git","node_modules/source-map"
"client","source-map-js","1.2.1","BSD-3-Clause","false","https://github.com/7rulnik/source-map-js","7rulnik/source-map-js","node_modules/source-map-js"
"client","sprintf-js","1.0.3","BSD-3-Clause","false","","https://github.com/alexei/sprintf.js.git","node_modules/sprintf-js"
"server","sqlite3","4.2.0","BSD-3-Clause","false","https://github.com/mapbox/node-sqlite3","git://github.com/mapbox/node-sqlite3.git","server/node_modules/sqlite3"
"client","table","6.9.0","BSD-3-Clause","false","","https://github.com/gajus/table","node_modules/table"
"server","table","5.4.6","BSD-3-Clause","false","","https://github.com/gajus/table","server/node_modules/table"
"client","tmpl","1.0.5","BSD-3-Clause","false","https://github.com/daaku/nodejs-tmpl","https://github.com/daaku/nodejs-tmpl","node_modules/tmpl"
"server","tmpl","1.0.5","BSD-3-Clause","false","https://github.com/daaku/nodejs-tmpl","https://github.com/daaku/nodejs-tmpl","server/node_modules/tmpl"
"client","tough-cookie","4.1.4","BSD-3-Clause","false","https://github.com/salesforce/tough-cookie","git://github.com/salesforce/tough-cookie.git","node_modules/tough-cookie"
"server","tough-cookie","2.5.0","BSD-3-Clause","false","https://github.com/salesforce/tough-cookie","git://github.com/salesforce/tough-cookie.git","server/node_modules/tough-cookie"
"client","spdx-exceptions","2.5.0","CC-BY-3.0","false","","kemitchell/spdx-exceptions.json","node_modules/spdx-exceptions"
"server","spdx-exceptions","2.5.0","CC-BY-3.0","false","","kemitchell/spdx-exceptions.json","server/node_modules/spdx-exceptions"
"client","caniuse-lite","1.0.30001793","CC-BY-4.0","false","","browserslist/caniuse-lite","node_modules/caniuse-lite"
"server","caniuse-lite","1.0.30001793","CC-BY-4.0","false","","browserslist/caniuse-lite","server/node_modules/caniuse-lite"
"client","mdn-data","2.0.14","CC0-1.0","false","https://developer.mozilla.org","https://github.com/mdn/data.git","node_modules/mdn-data"
"client","spdx-license-ids","3.0.23","CC0-1.0","false","","jslicense/spdx-license-ids","node_modules/spdx-license-ids"
"server","spdx-license-ids","3.0.23","CC0-1.0","false","","jslicense/spdx-license-ids","server/node_modules/spdx-license-ids"
"client","@isaacs/cliui","8.0.2","ISC","false","","yargs/cliui","node_modules/@isaacs/cliui"
"client","@istanbuljs/load-nyc-config","1.1.0","ISC","false","https://github.com/istanbuljs/load-nyc-config#readme","git+https://github.com/istanbuljs/load-nyc-config.git","node_modules/@istanbuljs/load-nyc-config"
"server","@istanbuljs/load-nyc-config","1.1.0","ISC","false","https://github.com/istanbuljs/load-nyc-config#readme","git+https://github.com/istanbuljs/load-nyc-config.git","server/node_modules/@istanbuljs/load-nyc-config"
"client","@josephg/resolvable","1.0.1","ISC","false","","git@github.com:josephg/resolvable.git","node_modules/@josephg/resolvable"
"client","@oclif/linewrap","1.0.0","ISC","false","https://github.com/heroku/node-linewrap#readme","git+https://github.com/heroku/node-linewrap.git","node_modules/@oclif/linewrap"
"client","abbrev","2.0.0","ISC","false","","https://github.com/npm/abbrev-js.git","node_modules/abbrev"
"server","abbrev","1.1.1","ISC","false","","http://github.com/isaacs/abbrev-js","server/node_modules/abbrev"
"client","ansi-align","2.0.0","ISC","false","https://github.com/nexdrew/ansi-align#readme","git+https://github.com/nexdrew/ansi-align.git","node_modules/ansi-align"
"client","anymatch","3.1.3","ISC","false","https://github.com/micromatch/anymatch","https://github.com/micromatch/anymatch","node_modules/anymatch"
"server","anymatch","3.1.3","ISC","false","https://github.com/micromatch/anymatch","https://github.com/micromatch/anymatch","server/node_modules/anymatch"
"server","aproba","1.2.0","ISC","false","https://github.com/iarna/aproba","https://github.com/iarna/aproba","server/node_modules/aproba"
"server","are-we-there-yet","1.1.7","ISC","false","https://github.com/iarna/are-we-there-yet","https://github.com/iarna/are-we-there-yet.git","server/node_modules/are-we-there-yet"
"client","at-least-node","1.0.0","ISC","false","https://github.com/RyanZim/at-least-node#readme","git+https://github.com/RyanZim/at-least-node.git","node_modules/at-least-node"
"client","boolbase","1.0.0","ISC","false","https://github.com/fb55/boolbase","https://github.com/fb55/boolbase","node_modules/boolbase"
"client","cli-highlight","2.1.11","ISC","false","https://github.com/felixfbecker/cli-highlight#readme","https://github.com/felixfbecker/cli-highlight.git","node_modules/cli-highlight"
"server","cli-width","2.2.1","ISC","false","https://github.com/knownasilya/cli-width","git@github.com:knownasilya/cli-width.git","server/node_modules/cli-width"
"client","cliui","7.0.4","ISC","false","","yargs/cliui","node_modules/cliui"
"server","console-control-strings","1.1.0","ISC","false","","https://github.com/iarna/console-control-strings","server/node_modules/console-control-strings"
"client","css-declaration-sorter","6.4.1","ISC","false","","https://github.com/Siilwyn/css-declaration-sorter.git","node_modules/css-declaration-sorter"
"client","earcut","3.0.2","ISC","false","","git://github.com/mapbox/earcut.git","node_modules/earcut"
"client","electron-to-chromium","1.5.361","ISC","false","","git+https://github.com/Kilian/electron-to-chromium.git","node_modules/electron-to-chromium"
"server","electron-to-chromium","1.5.361","ISC","false","","git+https://github.com/Kilian/electron-to-chromium.git","server/node_modules/electron-to-chromium"
"client","fastq","1.20.1","ISC","false","https://github.com/mcollina/fastq#readme","git+https://github.com/mcollina/fastq.git","node_modules/fastq"
"client","flatted","3.4.2","ISC","false","https://github.com/WebReflection/flatted#readme","git+https://github.com/WebReflection/flatted.git","node_modules/flatted"
"server","flatted","2.0.2","ISC","false","https://github.com/WebReflection/flatted#readme","git+https://github.com/WebReflection/flatted.git","server/node_modules/flatted"
"client","foreground-child","3.3.1","ISC","false","","git+https://github.com/tapjs/foreground-child.git","node_modules/foreground-child"
"client","fs.realpath","1.0.0","ISC","false","","git+https://github.com/isaacs/fs.realpath.git","node_modules/fs.realpath"
"server","fs.realpath","1.0.0","ISC","false","","git+https://github.com/isaacs/fs.realpath.git","server/node_modules/fs.realpath"
"server","gauge","2.7.4","ISC","false","https://github.com/iarna/gauge","https://github.com/iarna/gauge","server/node_modules/gauge"
"client","get-caller-file","2.0.5","ISC","false","https://github.com/stefanpenner/get-caller-file#readme","git+https://github.com/stefanpenner/get-caller-file.git","node_modules/get-caller-file"
"client","get-own-enumerable-property-symbols","3.0.2","ISC","false","https://github.com/mightyiam/get-own-enumerable-property-symbols#readme","git+https://github.com/mightyiam/get-own-enumerable-property-symbols.git","node_modules/get-own-enumerable-property-symbols"
"client","glob","7.2.3","ISC","false","","git://github.com/isaacs/node-glob.git","node_modules/glob"
"server","glob","7.2.3","ISC","false","","git://github.com/isaacs/node-glob.git","server/node_modules/glob"
"client","glob-parent","6.0.2","ISC","false","","gulpjs/glob-parent","node_modules/glob-parent"
"server","glob-parent","5.1.2","ISC","false","","gulpjs/glob-parent","server/node_modules/glob-parent"
"client","graceful-fs","4.2.11","ISC","false","","https://github.com/isaacs/node-graceful-fs","node_modules/graceful-fs"
"server","graceful-fs","4.2.11","ISC","false","","https://github.com/isaacs/node-graceful-fs","server/node_modules/graceful-fs"
"server","graphql-authentication","0.5.5","ISC","true","","Volst/graphql-authentication","server/node_modules/graphql-authentication"
"server","har-schema","2.0.0","ISC","false","https://github.com/ahmadnassri/har-schema","https://github.com/ahmadnassri/har-schema.git","server/node_modules/har-schema"
"server","has-unicode","2.0.1","ISC","false","https://github.com/iarna/has-unicode","https://github.com/iarna/has-unicode","server/node_modules/has-unicode"
"client","hosted-git-info","2.8.9","ISC","false","https://github.com/npm/hosted-git-info","git+https://github.com/npm/hosted-git-info.git","node_modules/hosted-git-info"
"server","hosted-git-info","2.8.9","ISC","false","https://github.com/npm/hosted-git-info","git+https://github.com/npm/hosted-git-info.git","server/node_modules/hosted-git-info"
"client","http-call","5.3.0","ISC","false","https://github.com/heroku/http-call","heroku/http-call","node_modules/http-call"
"client","icss-utils","5.1.0","ISC","false","https://github.com/css-modules/icss-utils#readme","git+https://github.com/css-modules/icss-utils.git","node_modules/icss-utils"
"client","ignore-by-default","1.0.1","ISC","false","https://github.com/novemberborn/ignore-by-default#readme","git+https://github.com/novemberborn/ignore-by-default.git","node_modules/ignore-by-default"
"server","ignore-by-default","1.0.1","ISC","false","https://github.com/novemberborn/ignore-by-default#readme","git+https://github.com/novemberborn/ignore-by-default.git","server/node_modules/ignore-by-default"
"server","ignore-walk","3.0.4","ISC","false","","git+https://github.com/isaacs/ignore-walk.git","server/node_modules/ignore-walk"
"client","inflight","1.0.6","ISC","false","https://github.com/isaacs/inflight","https://github.com/npm/inflight.git","node_modules/inflight"
"server","inflight","1.0.6","ISC","false","https://github.com/isaacs/inflight","https://github.com/npm/inflight.git","server/node_modules/inflight"
"client","inherits","2.0.4","ISC","false","","git://github.com/isaacs/inherits","node_modules/inherits"
"server","inherits","2.0.4","ISC","false","","git://github.com/isaacs/inherits","server/node_modules/inherits"
"client","ini","1.3.8","ISC","false","","git://github.com/isaacs/ini.git","node_modules/ini"
"server","ini","1.3.8","ISC","false","","git://github.com/isaacs/ini.git","server/node_modules/ini"
"client","isexe","2.0.0","ISC","false","https://github.com/isaacs/isexe#readme","git+https://github.com/isaacs/isexe.git","node_modules/isexe"
"server","isexe","2.0.0","ISC","false","https://github.com/isaacs/isexe#readme","git+https://github.com/isaacs/isexe.git","server/node_modules/isexe"
"client","json-stringify-safe","5.0.1","ISC","false","https://github.com/isaacs/json-stringify-safe","git://github.com/isaacs/json-stringify-safe","node_modules/json-stringify-safe"
"server","json-stringify-safe","5.0.1","ISC","false","https://github.com/isaacs/json-stringify-safe","git://github.com/isaacs/json-stringify-safe","server/node_modules/json-stringify-safe"
"client","kdbush","4.1.0","ISC","false","","git://github.com/mourner/kdbush.git","node_modules/kdbush"
"client","lru-cache","5.1.1","ISC","false","","git://github.com/isaacs/node-lru-cache.git","node_modules/lru-cache"
"client","make-error","1.3.6","ISC","false","https://github.com/JsCommunity/make-error","git://github.com/JsCommunity/make-error.git","node_modules/make-error"
"server","make-error","1.3.6","ISC","false","https://github.com/JsCommunity/make-error","git://github.com/JsCommunity/make-error.git","server/node_modules/make-error"
"client","minimalistic-assert","1.0.1","ISC","false","https://github.com/calvinmetcalf/minimalistic-assert","https://github.com/calvinmetcalf/minimalistic-assert.git","node_modules/minimalistic-assert"
"client","minimatch","3.1.5","ISC","false","","git://github.com/isaacs/minimatch.git","node_modules/minimatch"
"server","minimatch","3.1.5","ISC","false","","git://github.com/isaacs/minimatch.git","server/node_modules/minimatch"
"client","minipass","3.3.6","ISC","false","","git+https://github.com/isaacs/minipass.git","node_modules/minipass"
"server","mute-stream","0.0.7","ISC","false","","git://github.com/isaacs/mute-stream","server/node_modules/mute-stream"
"client","nopt","7.2.1","ISC","false","","git+https://github.com/npm/nopt.git","node_modules/nopt"
"server","nopt","4.0.3","ISC","false","","https://github.com/npm/nopt.git","server/node_modules/nopt"
"server","npm-bundled","1.1.2","ISC","false","","git+https://github.com/npm/npm-bundled.git","server/node_modules/npm-bundled"
"server","npm-normalize-package-bin","1.0.1","ISC","false","","git+https://github.com/npm/npm-normalize-package-bin","server/node_modules/npm-normalize-package-bin"
"server","npm-packlist","1.4.8","ISC","false","https://www.npmjs.com/package/npm-packlist","git+https://github.com/npm/npm-packlist.git","server/node_modules/npm-packlist"
"server","npmlog","4.1.2","ISC","false","","https://github.com/npm/npmlog.git","server/node_modules/npmlog"
"client","once","1.4.0","ISC","false","","git://github.com/isaacs/once","node_modules/once"
"server","once","1.4.0","ISC","false","","git://github.com/isaacs/once","server/node_modules/once"
"server","osenv","0.1.5","ISC","false","","https://github.com/npm/osenv","server/node_modules/osenv"
"client","picocolors","1.1.1","ISC","false","","alexeyraspopov/picocolors","node_modules/picocolors"
"server","picocolors","1.1.1","ISC","false","","alexeyraspopov/picocolors","server/node_modules/picocolors"
"client","postcss-modules-extract-imports","3.1.0","ISC","false","https://github.com/css-modules/postcss-modules-extract-imports","https://github.com/css-modules/postcss-modules-extract-imports.git","node_modules/postcss-modules-extract-imports"
"client","postcss-modules-scope","3.2.1","ISC","false","https://github.com/css-modules/postcss-modules-scope","https://github.com/css-modules/postcss-modules-scope.git","node_modules/postcss-modules-scope"
"client","postcss-modules-values","4.0.0","ISC","false","https://github.com/css-modules/postcss-modules-values#readme","git+https://github.com/css-modules/postcss-modules-values.git","node_modules/postcss-modules-values"
"client","proto-list","1.2.4","ISC","false","","https://github.com/isaacs/proto-list","node_modules/proto-list"
"client","pseudomap","1.0.2","ISC","false","https://github.com/isaacs/pseudomap#readme","git+https://github.com/isaacs/pseudomap.git","node_modules/pseudomap"
"client","quickselect","3.0.0","ISC","false","","github:mourner/quickselect","node_modules/quickselect"
"client","remove-trailing-separator","1.1.0","ISC","false","https://github.com/darsain/remove-trailing-separator#readme","git+https://github.com/darsain/remove-trailing-separator.git","node_modules/remove-trailing-separator"
"client","rimraf","3.0.2","ISC","false","","git://github.com/isaacs/rimraf.git","node_modules/rimraf"
"server","rimraf","2.6.3","ISC","false","","git://github.com/isaacs/rimraf.git","server/node_modules/rimraf"
"client","saxes","5.0.1","ISC","false","","https://github.com/lddubeau/saxes.git","node_modules/saxes"
"client","semver","6.3.1","ISC","false","","https://github.com/npm/node-semver.git","node_modules/semver"
"server","semver","7.8.1","ISC","false","","git+https://github.com/npm/node-semver.git","server/node_modules/semver"
"server","set-blocking","2.0.0","ISC","false","https://github.com/yargs/set-blocking#readme","git+https://github.com/yargs/set-blocking.git","server/node_modules/set-blocking"
"client","setprototypeof","1.2.0","ISC","false","https://github.com/wesleytodd/setprototypeof","https://github.com/wesleytodd/setprototypeof.git","node_modules/setprototypeof"
"server","setprototypeof","1.2.0","ISC","false","https://github.com/wesleytodd/setprototypeof","https://github.com/wesleytodd/setprototypeof.git","server/node_modules/setprototypeof"
"client","signal-exit","3.0.7","ISC","false","https://github.com/tapjs/signal-exit","https://github.com/tapjs/signal-exit.git","node_modules/signal-exit"
"server","signal-exit","3.0.7","ISC","false","https://github.com/tapjs/signal-exit","https://github.com/tapjs/signal-exit.git","server/node_modules/signal-exit"
"client","ssri","8.0.1","ISC","false","","https://github.com/npm/ssri","node_modules/ssri"
"client","test-exclude","6.0.0","ISC","false","https://istanbul.js.org/","git+https://github.com/istanbuljs/test-exclude.git","node_modules/test-exclude"
"server","test-exclude","6.0.0","ISC","false","https://istanbul.js.org/","git+https://github.com/istanbuljs/test-exclude.git","server/node_modules/test-exclude"
"client","topojson-client","3.1.0","ISC","false","https://github.com/topojson/topojson-client","https://github.com/topojson/topojson-client.git","node_modules/topojson-client"
"client","touch","3.1.1","ISC","false","","git://github.com/isaacs/node-touch.git","node_modules/touch"
"server","touch","3.1.1","ISC","false","","git://github.com/isaacs/node-touch.git","server/node_modules/touch"
"client","tty","1.0.1","ISC","false","https://github.com/npm/security-holder#readme","git+https://github.com/npm/security-holder.git","node_modules/tty"
"server","username-generator","1.1.0","ISC","true","https://github.com/alenoir/username-generator#readme","git+https://github.com/alenoir/username-generator.git","server/node_modules/username-generator"
"client","v8-to-istanbul","8.1.1","ISC","false","","istanbuljs/v8-to-istanbul","node_modules/v8-to-istanbul"
"server","v8-to-istanbul","9.3.0","ISC","false","","istanbuljs/v8-to-istanbul","server/node_modules/v8-to-istanbul"
"client","vue-cli-plugin-apollo","0.21.3","ISC","true","https://github.com/Akryum/vue-cli-plugin-apollo#readme","git+https://github.com/Akryum/vue-cli-plugin-apollo.git","node_modules/vue-cli-plugin-apollo"
"client","which","2.0.2","ISC","false","","git://github.com/isaacs/node-which.git","node_modules/which"
"server","which","1.3.1","ISC","false","","git://github.com/isaacs/node-which.git","server/node_modules/which"
"server","wide-align","1.1.5","ISC","false","","https://github.com/iarna/wide-align","server/node_modules/wide-align"
"client","wrappy","1.0.2","ISC","false","https://github.com/npm/wrappy","https://github.com/npm/wrappy","node_modules/wrappy"
"server","wrappy","1.0.2","ISC","false","https://github.com/npm/wrappy","https://github.com/npm/wrappy","server/node_modules/wrappy"
"client","write-file-atomic","3.0.3","ISC","false","https://github.com/npm/write-file-atomic","git://github.com/npm/write-file-atomic.git","node_modules/write-file-atomic"
"client","yallist","3.1.1","ISC","false","","git+https://github.com/isaacs/yallist.git","node_modules/yallist"
"client","yaml","1.10.3","ISC","false","https://eemeli.org/yaml/v1/","github:eemeli/yaml","node_modules/yaml"
"client","yargs-parser","20.2.9","ISC","false","","https://github.com/yargs/yargs-parser.git","node_modules/yargs-parser"
"client","@achrinza/node-ipc","9.2.10","MIT","false","https://github.com/achrinza/node-ipc","https://github.com/achrinza/node-ipc.git","node_modules/@achrinza/node-ipc"
"server","@apollo/cache-control-types","1.0.3","MIT","false","https://github.com/apollographql/apollo-server#readme","git+https://github.com/apollographql/apollo-server.git","server/node_modules/@apollo/cache-control-types"
"client","@apollo/federation","0.27.0","MIT","false","","git+https://github.com/apollographql/federation.git","node_modules/@apollo/federation"
"server","@apollo/server","5.5.1","MIT","true","https://github.com/apollographql/apollo-server#readme","git+https://github.com/apollographql/apollo-server.git","server/node_modules/@apollo/server"
"server","@apollo/server-gateway-interface","2.0.0","MIT","false","https://github.com/apollographql/apollo-server#readme","https://github.com/apollographql/apollo-server","server/node_modules/@apollo/server-gateway-interface"
"server","@apollo/usage-reporting-protobuf","4.1.2","MIT","false","https://github.com/apollographql/apollo-server#readme","git+https://github.com/apollographql/apollo-server.git","server/node_modules/@apollo/usage-reporting-protobuf"
"server","@apollo/utils.createhash","3.0.1","MIT","false","","git+https://github.com/apollographql/apollo-utils.git","server/node_modules/@apollo/utils.createhash"
"server","@apollo/utils.dropunuseddefinitions","2.0.1","MIT","false","","git+https://github.com/apollographql/apollo-utils.git","server/node_modules/@apollo/utils.dropunuseddefinitions"
"server","@apollo/utils.fetcher","3.1.0","MIT","false","","git+https://github.com/apollographql/apollo-utils.git","server/node_modules/@apollo/utils.fetcher"
"server","@apollo/utils.isnodelike","3.0.0","MIT","false","","git+https://github.com/apollographql/apollo-utils.git","server/node_modules/@apollo/utils.isnodelike"
"client","@apollo/utils.keyvaluecache","1.0.2","MIT","false","","git+https://github.com/apollographql/apollo-utils.git","node_modules/@apollo/utils.keyvaluecache"
"server","@apollo/utils.keyvaluecache","4.0.0","MIT","false","","git+https://github.com/apollographql/apollo-utils.git","server/node_modules/@apollo/utils.keyvaluecache"
"client","@apollo/utils.logger","1.0.1","MIT","false","","git+https://github.com/apollographql/apollo-utils.git","node_modules/@apollo/utils.logger"
"server","@apollo/utils.logger","3.0.0","MIT","false","","git+https://github.com/apollographql/apollo-utils.git","server/node_modules/@apollo/utils.logger"
"server","@apollo/utils.printwithreducedwhitespace","2.0.1","MIT","false","","git+https://github.com/apollographql/apollo-utils.git","server/node_modules/@apollo/utils.printwithreducedwhitespace"
"server","@apollo/utils.removealiases","2.0.1","MIT","false","","git+https://github.com/apollographql/apollo-utils.git","server/node_modules/@apollo/utils.removealiases"
"server","@apollo/utils.sortast","2.0.1","MIT","false","","git+https://github.com/apollographql/apollo-utils.git","server/node_modules/@apollo/utils.sortast"
"server","@apollo/utils.stripsensitiveliterals","2.0.1","MIT","false","","git+https://github.com/apollographql/apollo-utils.git","server/node_modules/@apollo/utils.stripsensitiveliterals"
"server","@apollo/utils.usagereporting","2.1.0","MIT","false","","git+https://github.com/apollographql/apollo-utils.git","server/node_modules/@apollo/utils.usagereporting"
"server","@apollo/utils.withrequired","3.0.0","MIT","false","","git+https://github.com/apollographql/apollo-utils.git","server/node_modules/@apollo/utils.withrequired"
"client","@apollographql/apollo-tools","0.5.4","MIT","false","https://github.com/apollographql/apollo-tooling","git+https://github.com/apollographql/apollo-tooling.git","node_modules/@apollographql/apollo-tools"
"client","@apollographql/graphql-playground-html","1.6.27","MIT","false","https://github.com/graphcool/graphql-playground/tree/master/packages/graphql-playground-html","http://github.com/graphcool/graphql-playground.git","node_modules/@apollographql/graphql-playground-html"
"client","@apollographql/graphql-upload-8-fork","8.1.4","MIT","false","https://github.com/apollographql/graphql-upload#readme","github:apollographql/graphql-upload","node_modules/@apollographql/graphql-upload-8-fork"
"server","@as-integrations/express4","1.1.2","MIT","true","https://github.com/apollo-server-integrations/apollo-server-integration-express4","https://github.com/apollo-server-integrations/apollo-server-integration-express4","server/node_modules/@as-integrations/express4"
"client","@babel/code-frame","7.29.0","MIT","false","https://babel.dev/docs/en/next/babel-code-frame","https://github.com/babel/babel.git","node_modules/@babel/code-frame"
"server","@babel/code-frame","7.29.0","MIT","false","https://babel.dev/docs/en/next/babel-code-frame","https://github.com/babel/babel.git","server/node_modules/@babel/code-frame"
"client","@babel/compat-data","7.29.3","MIT","false","","https://github.com/babel/babel.git","node_modules/@babel/compat-data"
"server","@babel/compat-data","7.29.3","MIT","false","","https://github.com/babel/babel.git","server/node_modules/@babel/compat-data"
"client","@babel/core","7.29.0","MIT","false","https://babel.dev/docs/en/next/babel-core","https://github.com/babel/babel.git","node_modules/@babel/core"
"server","@babel/core","7.29.0","MIT","false","https://babel.dev/docs/en/next/babel-core","https://github.com/babel/babel.git","server/node_modules/@babel/core"
"client","@babel/generator","7.29.1","MIT","false","https://babel.dev/docs/en/next/babel-generator","https://github.com/babel/babel.git","node_modules/@babel/generator"
"client","@babel/helper-annotate-as-pure","7.27.3","MIT","false","https://babel.dev/docs/en/next/babel-helper-annotate-as-pure","https://github.com/babel/babel.git","node_modules/@babel/helper-annotate-as-pure"
"client","@babel/helper-compilation-targets","7.28.6","MIT","false","","https://github.com/babel/babel.git","node_modules/@babel/helper-compilation-targets"
"server","@babel/helper-compilation-targets","7.28.6","MIT","false","","https://github.com/babel/babel.git","server/node_modules/@babel/helper-compilation-targets"
"client","@babel/helper-create-class-features-plugin","7.29.3","MIT","false","","https://github.com/babel/babel.git","node_modules/@babel/helper-create-class-features-plugin"
"client","@babel/helper-create-regexp-features-plugin","7.28.5","MIT","false","","https://github.com/babel/babel.git","node_modules/@babel/helper-create-regexp-features-plugin"
"client","@babel/helper-define-polyfill-provider","0.6.8","MIT","false","","https://github.com/babel/babel-polyfills.git","node_modules/@babel/helper-define-polyfill-provider"
"client","@babel/helper-globals","7.28.0","MIT","false","","https://github.com/babel/babel.git","node_modules/@babel/helper-globals"
"server","@babel/helper-globals","7.28.0","MIT","false","","https://github.com/babel/babel.git","server/node_modules/@babel/helper-globals"
"client","@babel/helper-member-expression-to-functions","7.28.5","MIT","false","https://babel.dev/docs/en/next/babel-helper-member-expression-to-functions","https://github.com/babel/babel.git","node_modules/@babel/helper-member-expression-to-functions"
"client","@babel/helper-module-imports","7.28.6","MIT","false","https://babel.dev/docs/en/next/babel-helper-module-imports","https://github.com/babel/babel.git","node_modules/@babel/helper-module-imports"
"server","@babel/helper-module-imports","7.28.6","MIT","false","https://babel.dev/docs/en/next/babel-helper-module-imports","https://github.com/babel/babel.git","server/node_modules/@babel/helper-module-imports"
"client","@babel/helper-module-transforms","7.28.6","MIT","false","https://babel.dev/docs/en/next/babel-helper-module-transforms","https://github.com/babel/babel.git","node_modules/@babel/helper-module-transforms"
"server","@babel/helper-module-transforms","7.28.6","MIT","false","https://babel.dev/docs/en/next/babel-helper-module-transforms","https://github.com/babel/babel.git","server/node_modules/@babel/helper-module-transforms"
"client","@babel/helper-optimise-call-expression","7.27.1","MIT","false","https://babel.dev/docs/en/next/babel-helper-optimise-call-expression","https://github.com/babel/babel.git","node_modules/@babel/helper-optimise-call-expression"
"client","@babel/helper-plugin-utils","7.28.6","MIT","false","https://babel.dev/docs/en/next/babel-helper-plugin-utils","https://github.com/babel/babel.git","node_modules/@babel/helper-plugin-utils"
"server","@babel/helper-plugin-utils","7.28.6","MIT","false","https://babel.dev/docs/en/next/babel-helper-plugin-utils","https://github.com/babel/babel.git","server/node_modules/@babel/helper-plugin-utils"
"client","@babel/helper-remap-async-to-generator","7.27.1","MIT","false","https://babel.dev/docs/en/next/babel-helper-remap-async-to-generator","https://github.com/babel/babel.git","node_modules/@babel/helper-remap-async-to-generator"
"client","@babel/helper-replace-supers","7.28.6","MIT","false","https://babel.dev/docs/en/next/babel-helper-replace-supers","https://github.com/babel/babel.git","node_modules/@babel/helper-replace-supers"
"client","@babel/helper-skip-transparent-expression-wrappers","7.27.1","MIT","false","","https://github.com/babel/babel.git","node_modules/@babel/helper-skip-transparent-expression-wrappers"
"client","@babel/helper-string-parser","7.27.1","MIT","false","https://babel.dev/docs/en/next/babel-helper-string-parser","https://github.com/babel/babel.git","node_modules/@babel/helper-string-parser"
"server","@babel/helper-string-parser","7.27.1","MIT","false","https://babel.dev/docs/en/next/babel-helper-string-parser","https://github.com/babel/babel.git","server/node_modules/@babel/helper-string-parser"
"client","@babel/helper-validator-identifier","7.28.5","MIT","false","","https://github.com/babel/babel.git","node_modules/@babel/helper-validator-identifier"
"server","@babel/helper-validator-identifier","7.28.5","MIT","false","","https://github.com/babel/babel.git","server/node_modules/@babel/helper-validator-identifier"
"client","@babel/helper-validator-option","7.27.1","MIT","false","","https://github.com/babel/babel.git","node_modules/@babel/helper-validator-option"
"server","@babel/helper-validator-option","7.27.1","MIT","false","","https://github.com/babel/babel.git","server/node_modules/@babel/helper-validator-option"
"client","@babel/helper-wrap-function","7.28.6","MIT","false","https://babel.dev/docs/en/next/babel-helper-wrap-function","https://github.com/babel/babel.git","node_modules/@babel/helper-wrap-function"
"client","@babel/helpers","7.29.2","MIT","false","https://babel.dev/docs/en/next/babel-helpers","https://github.com/babel/babel.git","node_modules/@babel/helpers"
"server","@babel/helpers","7.29.2","MIT","false","https://babel.dev/docs/en/next/babel-helpers","https://github.com/babel/babel.git","server/node_modules/@babel/helpers"
"client","@babel/highlight","7.25.9","MIT","false","https://babel.dev/docs/en/next/babel-highlight","https://github.com/babel/babel.git","node_modules/@babel/highlight"
"client","@babel/parser","7.29.3","MIT","false","https://babel.dev/docs/en/next/babel-parser","https://github.com/babel/babel.git","node_modules/@babel/parser"
"server","@babel/parser","7.9.4","MIT","false","https://babeljs.io/","https://github.com/babel/babel/tree/master/packages/babel-parser","server/node_modules/@babel/parser"
"client","@babel/plugin-bugfix-firefox-class-in-computed-class-key","7.28.5","MIT","false","https://babel.dev/docs/en/next/babel-plugin-bugfix-firefox-class-in-computed-class-key","https://github.com/babel/babel.git","node_modules/@babel/plugin-bugfix-firefox-class-in-computed-class-key"
"client","@babel/plugin-bugfix-safari-class-field-initializer-scope","7.27.1","MIT","false","https://babel.dev/docs/en/next/babel-plugin-bugfix-safari-class-field-initializer-scope","https://github.com/babel/babel.git","node_modules/@babel/plugin-bugfix-safari-class-field-initializer-scope"
"client","@babel/plugin-bugfix-safari-id-destructuring-collision-in-function-expression","7.27.1","MIT","false","https://babel.dev/docs/en/next/babel-plugin-bugfix-safari-id-destructuring-collision-in-function-expression","https://github.com/babel/babel.git","node_modules/@babel/plugin-bugfix-safari-id-destructuring-collision-in-function-expression"
"client","@babel/plugin-bugfix-safari-rest-destructuring-rhs-array","7.29.3","MIT","false","https://babel.dev/docs/en/next/babel-plugin-bugfix-safari-rest-destructuring-rhs-array","https://github.com/babel/babel.git","node_modules/@babel/plugin-bugfix-safari-rest-destructuring-rhs-array"
"client","@babel/plugin-bugfix-v8-spread-parameters-in-optional-chaining","7.27.1","MIT","false","https://babel.dev/docs/en/next/babel-plugin-bugfix-v8-spread-parameters-in-optional-chaining","https://github.com/babel/babel.git","node_modules/@babel/plugin-bugfix-v8-spread-parameters-in-optional-chaining"
"client","@babel/plugin-bugfix-v8-static-class-fields-redefine-readonly","7.28.6","MIT","false","https://babel.dev/docs/en/next/babel-plugin-bugfix-v8-static-class-fields-redefine-readonly","https://github.com/babel/babel.git","node_modules/@babel/plugin-bugfix-v8-static-class-fields-redefine-readonly"
"client","@babel/plugin-proposal-class-properties","7.18.6","MIT","false","https://babel.dev/docs/en/next/babel-plugin-proposal-class-properties","https://github.com/babel/babel.git","node_modules/@babel/plugin-proposal-class-properties"
"client","@babel/plugin-proposal-decorators","7.29.0","MIT","false","https://babel.dev/docs/en/next/babel-plugin-proposal-decorators","https://github.com/babel/babel.git","node_modules/@babel/plugin-proposal-decorators"
"client","@babel/plugin-proposal-private-property-in-object","7.21.0-placeholder-for-preset-env.2","MIT","false","https://babel.dev/docs/en/next/babel-plugin-proposal-private-property-in-object","https://github.com/babel/babel-plugin-proposal-private-property-in-object.git","node_modules/@babel/plugin-proposal-private-property-in-object"
"client","@babel/plugin-syntax-async-generators","7.8.4","MIT","false","","https://github.com/babel/babel/tree/master/packages/babel-plugin-syntax-async-generators","node_modules/@babel/plugin-syntax-async-generators"
"server","@babel/plugin-syntax-async-generators","7.8.4","MIT","false","","https://github.com/babel/babel/tree/master/packages/babel-plugin-syntax-async-generators","server/node_modules/@babel/plugin-syntax-async-generators"
"client","@babel/plugin-syntax-bigint","7.8.3","MIT","false","","https://github.com/babel/babel/tree/master/packages/babel-plugin-syntax-bigint","node_modules/@babel/plugin-syntax-bigint"
"server","@babel/plugin-syntax-bigint","7.8.3","MIT","false","","https://github.com/babel/babel/tree/master/packages/babel-plugin-syntax-bigint","server/node_modules/@babel/plugin-syntax-bigint"
"client","@babel/plugin-syntax-class-properties","7.12.13","MIT","false","https://babel.dev/docs/en/next/babel-plugin-syntax-class-properties","https://github.com/babel/babel.git","node_modules/@babel/plugin-syntax-class-properties"
"server","@babel/plugin-syntax-class-properties","7.12.13","MIT","false","https://babel.dev/docs/en/next/babel-plugin-syntax-class-properties","https://github.com/babel/babel.git","server/node_modules/@babel/plugin-syntax-class-properties"
"client","@babel/plugin-syntax-class-static-block","7.14.5","MIT","false","https://babel.dev/docs/en/next/babel-plugin-syntax-class-static-block","https://github.com/babel/babel.git","node_modules/@babel/plugin-syntax-class-static-block"
"server","@babel/plugin-syntax-class-static-block","7.14.5","MIT","false","https://babel.dev/docs/en/next/babel-plugin-syntax-class-static-block","https://github.com/babel/babel.git","server/node_modules/@babel/plugin-syntax-class-static-block"
"client","@babel/plugin-syntax-decorators","7.28.6","MIT","false","https://babel.dev/docs/en/next/babel-plugin-syntax-decorators","https://github.com/babel/babel.git","node_modules/@babel/plugin-syntax-decorators"
"client","@babel/plugin-syntax-dynamic-import","7.8.3","MIT","false","","https://github.com/babel/babel/tree/master/packages/babel-plugin-syntax-dynamic-import","node_modules/@babel/plugin-syntax-dynamic-import"
"client","@babel/plugin-syntax-import-assertions","7.28.6","MIT","false","","https://github.com/babel/babel.git","node_modules/@babel/plugin-syntax-import-assertions"
"client","@babel/plugin-syntax-import-attributes","7.28.6","MIT","false","","https://github.com/babel/babel.git","node_modules/@babel/plugin-syntax-import-attributes"
"server","@babel/plugin-syntax-import-attributes","7.28.6","MIT","false","","https://github.com/babel/babel.git","server/node_modules/@babel/plugin-syntax-import-attributes"
"client","@babel/plugin-syntax-import-meta","7.10.4","MIT","false","","https://github.com/babel/babel.git","node_modules/@babel/plugin-syntax-import-meta"
"server","@babel/plugin-syntax-import-meta","7.10.4","MIT","false","","https://github.com/babel/babel.git","server/node_modules/@babel/plugin-syntax-import-meta"
"client","@babel/plugin-syntax-json-strings","7.8.3","MIT","false","","https://github.com/babel/babel/tree/master/packages/babel-plugin-syntax-json-strings","node_modules/@babel/plugin-syntax-json-strings"
"server","@babel/plugin-syntax-json-strings","7.8.3","MIT","false","","https://github.com/babel/babel/tree/master/packages/babel-plugin-syntax-json-strings","server/node_modules/@babel/plugin-syntax-json-strings"
"client","@babel/plugin-syntax-jsx","7.28.6","MIT","false","https://babel.dev/docs/en/next/babel-plugin-syntax-jsx","https://github.com/babel/babel.git","node_modules/@babel/plugin-syntax-jsx"
"server","@babel/plugin-syntax-jsx","7.28.6","MIT","false","https://babel.dev/docs/en/next/babel-plugin-syntax-jsx","https://github.com/babel/babel.git","server/node_modules/@babel/plugin-syntax-jsx"
"client","@babel/plugin-syntax-logical-assignment-operators","7.10.4","MIT","false","","https://github.com/babel/babel.git","node_modules/@babel/plugin-syntax-logical-assignment-operators"
"server","@babel/plugin-syntax-logical-assignment-operators","7.10.4","MIT","false","","https://github.com/babel/babel.git","server/node_modules/@babel/plugin-syntax-logical-assignment-operators"
"client","@babel/plugin-syntax-nullish-coalescing-operator","7.8.3","MIT","false","","https://github.com/babel/babel/tree/master/packages/babel-plugin-syntax-nullish-coalescing-operator","node_modules/@babel/plugin-syntax-nullish-coalescing-operator"
"server","@babel/plugin-syntax-nullish-coalescing-operator","7.8.3","MIT","false","","https://github.com/babel/babel/tree/master/packages/babel-plugin-syntax-nullish-coalescing-operator","server/node_modules/@babel/plugin-syntax-nullish-coalescing-operator"
"client","@babel/plugin-syntax-numeric-separator","7.10.4","MIT","false","","https://github.com/babel/babel.git","node_modules/@babel/plugin-syntax-numeric-separator"
"server","@babel/plugin-syntax-numeric-separator","7.10.4","MIT","false","","https://github.com/babel/babel.git","server/node_modules/@babel/plugin-syntax-numeric-separator"
"client","@babel/plugin-syntax-object-rest-spread","7.8.3","MIT","false","","https://github.com/babel/babel/tree/master/packages/babel-plugin-syntax-object-rest-spread","node_modules/@babel/plugin-syntax-object-rest-spread"
"server","@babel/plugin-syntax-object-rest-spread","7.8.3","MIT","false","","https://github.com/babel/babel/tree/master/packages/babel-plugin-syntax-object-rest-spread","server/node_modules/@babel/plugin-syntax-object-rest-spread"
"client","@babel/plugin-syntax-optional-catch-binding","7.8.3","MIT","false","","https://github.com/babel/babel/tree/master/packages/babel-plugin-syntax-optional-catch-binding","node_modules/@babel/plugin-syntax-optional-catch-binding"
"server","@babel/plugin-syntax-optional-catch-binding","7.8.3","MIT","false","","https://github.com/babel/babel/tree/master/packages/babel-plugin-syntax-optional-catch-binding","server/node_modules/@babel/plugin-syntax-optional-catch-binding"
"client","@babel/plugin-syntax-optional-chaining","7.8.3","MIT","false","","https://github.com/babel/babel/tree/master/packages/babel-plugin-syntax-optional-chaining","node_modules/@babel/plugin-syntax-optional-chaining"
"server","@babel/plugin-syntax-optional-chaining","7.8.3","MIT","false","","https://github.com/babel/babel/tree/master/packages/babel-plugin-syntax-optional-chaining","server/node_modules/@babel/plugin-syntax-optional-chaining"
"client","@babel/plugin-syntax-private-property-in-object","7.14.5","MIT","false","https://babel.dev/docs/en/next/babel-plugin-syntax-private-property-in-object","https://github.com/babel/babel.git","node_modules/@babel/plugin-syntax-private-property-in-object"
"server","@babel/plugin-syntax-private-property-in-object","7.14.5","MIT","false","https://babel.dev/docs/en/next/babel-plugin-syntax-private-property-in-object","https://github.com/babel/babel.git","server/node_modules/@babel/plugin-syntax-private-property-in-object"
"client","@babel/plugin-syntax-top-level-await","7.14.5","MIT","false","https://babel.dev/docs/en/next/babel-plugin-syntax-top-level-await","https://github.com/babel/babel.git","node_modules/@babel/plugin-syntax-top-level-await"
"server","@babel/plugin-syntax-top-level-await","7.14.5","MIT","false","https://babel.dev/docs/en/next/babel-plugin-syntax-top-level-await","https://github.com/babel/babel.git","server/node_modules/@babel/plugin-syntax-top-level-await"
"client","@babel/plugin-syntax-typescript","7.28.6","MIT","false","https://babel.dev/docs/en/next/babel-plugin-syntax-typescript","https://github.com/babel/babel.git","node_modules/@babel/plugin-syntax-typescript"
"server","@babel/plugin-syntax-typescript","7.28.6","MIT","false","https://babel.dev/docs/en/next/babel-plugin-syntax-typescript","https://github.com/babel/babel.git","server/node_modules/@babel/plugin-syntax-typescript"
"client","@babel/plugin-syntax-unicode-sets-regex","7.18.6","MIT","false","https://babel.dev/docs/en/next/babel-plugin-syntax-unicode-sets-regex","https://github.com/babel/babel.git","node_modules/@babel/plugin-syntax-unicode-sets-regex"
"client","@babel/plugin-transform-arrow-functions","7.27.1","MIT","false","https://babel.dev/docs/en/next/babel-plugin-transform-arrow-functions","https://github.com/babel/babel.git","node_modules/@babel/plugin-transform-arrow-functions"
"client","@babel/plugin-transform-async-generator-functions","7.29.0","MIT","false","https://babel.dev/docs/en/next/babel-plugin-transform-async-generator-functions","https://github.com/babel/babel.git","node_modules/@babel/plugin-transform-async-generator-functions"
"client","@babel/plugin-transform-async-to-generator","7.28.6","MIT","false","https://babel.dev/docs/en/next/babel-plugin-transform-async-to-generator","https://github.com/babel/babel.git","node_modules/@babel/plugin-transform-async-to-generator"
"client","@babel/plugin-transform-block-scoped-functions","7.27.1","MIT","false","https://babel.dev/docs/en/next/babel-plugin-transform-block-scoped-functions","https://github.com/babel/babel.git","node_modules/@babel/plugin-transform-block-scoped-functions"
"client","@babel/plugin-transform-block-scoping","7.28.6","MIT","false","https://babel.dev/docs/en/next/babel-plugin-transform-block-scoping","https://github.com/babel/babel.git","node_modules/@babel/plugin-transform-block-scoping"
"client","@babel/plugin-transform-class-properties","7.28.6","MIT","false","https://babel.dev/docs/en/next/babel-plugin-transform-class-properties","https://github.com/babel/babel.git","node_modules/@babel/plugin-transform-class-properties"
"client","@babel/plugin-transform-class-static-block","7.28.6","MIT","false","https://babel.dev/docs/en/next/babel-plugin-transform-class-static-block","https://github.com/babel/babel.git","node_modules/@babel/plugin-transform-class-static-block"
"client","@babel/plugin-transform-classes","7.28.6","MIT","false","https://babel.dev/docs/en/next/babel-plugin-transform-classes","https://github.com/babel/babel.git","node_modules/@babel/plugin-transform-classes"
"client","@babel/plugin-transform-computed-properties","7.28.6","MIT","false","https://babel.dev/docs/en/next/babel-plugin-transform-computed-properties","https://github.com/babel/babel.git","node_modules/@babel/plugin-transform-computed-properties"
"client","@babel/plugin-transform-destructuring","7.28.5","MIT","false","https://babel.dev/docs/en/next/babel-plugin-transform-destructuring","https://github.com/babel/babel.git","node_modules/@babel/plugin-transform-destructuring"
"client","@babel/plugin-transform-dotall-regex","7.28.6","MIT","false","https://babel.dev/docs/en/next/babel-plugin-transform-dotall-regex","https://github.com/babel/babel.git","node_modules/@babel/plugin-transform-dotall-regex"
"client","@babel/plugin-transform-duplicate-keys","7.27.1","MIT","false","https://babel.dev/docs/en/next/babel-plugin-transform-duplicate-keys","https://github.com/babel/babel.git","node_modules/@babel/plugin-transform-duplicate-keys"
"client","@babel/plugin-transform-duplicate-named-capturing-groups-regex","7.29.0","MIT","false","https://babel.dev/docs/en/next/babel-plugin-transform-duplicate-named-capturing-groups-regex","https://github.com/babel/babel.git","node_modules/@babel/plugin-transform-duplicate-named-capturing-groups-regex"
"client","@babel/plugin-transform-dynamic-import","7.27.1","MIT","false","","https://github.com/babel/babel.git","node_modules/@babel/plugin-transform-dynamic-import"
"client","@babel/plugin-transform-explicit-resource-management","7.28.6","MIT","false","https://babel.dev/docs/en/next/babel-plugin-transform-explicit-resource-management","https://github.com/babel/babel.git","node_modules/@babel/plugin-transform-explicit-resource-management"
"client","@babel/plugin-transform-exponentiation-operator","7.28.6","MIT","false","https://babel.dev/docs/en/next/babel-plugin-transform-exponentiation-operator","https://github.com/babel/babel.git","node_modules/@babel/plugin-transform-exponentiation-operator"
"client","@babel/plugin-transform-export-namespace-from","7.27.1","MIT","false","https://babel.dev/docs/en/next/babel-plugin-transform-export-namespace-from","https://github.com/babel/babel.git","node_modules/@babel/plugin-transform-export-namespace-from"
"client","@babel/plugin-transform-for-of","7.27.1","MIT","false","https://babel.dev/docs/en/next/babel-plugin-transform-for-of","https://github.com/babel/babel.git","node_modules/@babel/plugin-transform-for-of"
"client","@babel/plugin-transform-function-name","7.27.1","MIT","false","https://babel.dev/docs/en/next/babel-plugin-transform-function-name","https://github.com/babel/babel.git","node_modules/@babel/plugin-transform-function-name"
"client","@babel/plugin-transform-json-strings","7.28.6","MIT","false","https://babel.dev/docs/en/next/babel-plugin-transform-json-strings","https://github.com/babel/babel.git","node_modules/@babel/plugin-transform-json-strings"
"client","@babel/plugin-transform-literals","7.27.1","MIT","false","https://babel.dev/docs/en/next/babel-plugin-transform-literals","https://github.com/babel/babel.git","node_modules/@babel/plugin-transform-literals"
"client","@babel/plugin-transform-logical-assignment-operators","7.28.6","MIT","false","https://babel.dev/docs/en/next/babel-plugin-transform-logical-assignment-operators","https://github.com/babel/babel.git","node_modules/@babel/plugin-transform-logical-assignment-operators"
"client","@babel/plugin-transform-member-expression-literals","7.27.1","MIT","false","https://babel.dev/docs/en/next/babel-plugin-transform-member-expression-literals","https://github.com/babel/babel.git","node_modules/@babel/plugin-transform-member-expression-literals"
"client","@babel/plugin-transform-modules-amd","7.27.1","MIT","false","https://babel.dev/docs/en/next/babel-plugin-transform-modules-amd","https://github.com/babel/babel.git","node_modules/@babel/plugin-transform-modules-amd"
"client","@babel/plugin-transform-modules-commonjs","7.28.6","MIT","false","https://babel.dev/docs/en/next/babel-plugin-transform-modules-commonjs","https://github.com/babel/babel.git","node_modules/@babel/plugin-transform-modules-commonjs"
"client","@babel/plugin-transform-modules-systemjs","7.29.4","MIT","false","https://babel.dev/docs/en/next/babel-plugin-transform-modules-systemjs","https://github.com/babel/babel.git","node_modules/@babel/plugin-transform-modules-systemjs"
"client","@babel/plugin-transform-modules-umd","7.27.1","MIT","false","https://babel.dev/docs/en/next/babel-plugin-transform-modules-umd","https://github.com/babel/babel.git","node_modules/@babel/plugin-transform-modules-umd"
"client","@babel/plugin-transform-named-capturing-groups-regex","7.29.0","MIT","false","https://babel.dev/docs/en/next/babel-plugin-transform-named-capturing-groups-regex","https://github.com/babel/babel.git","node_modules/@babel/plugin-transform-named-capturing-groups-regex"
"client","@babel/plugin-transform-new-target","7.27.1","MIT","false","https://babel.dev/docs/en/next/babel-plugin-transform-new-target","https://github.com/babel/babel.git","node_modules/@babel/plugin-transform-new-target"
"client","@babel/plugin-transform-nullish-coalescing-operator","7.28.6","MIT","false","https://babel.dev/docs/en/next/babel-plugin-transform-nullish-coalescing-operator","https://github.com/babel/babel.git","node_modules/@babel/plugin-transform-nullish-coalescing-operator"
"client","@babel/plugin-transform-numeric-separator","7.28.6","MIT","false","https://babel.dev/docs/en/next/babel-plugin-transform-numeric-separator","https://github.com/babel/babel.git","node_modules/@babel/plugin-transform-numeric-separator"
"client","@babel/plugin-transform-object-rest-spread","7.28.6","MIT","false","https://babel.dev/docs/en/next/babel-plugin-transform-object-rest-spread","https://github.com/babel/babel.git","node_modules/@babel/plugin-transform-object-rest-spread"
"client","@babel/plugin-transform-object-super","7.27.1","MIT","false","https://babel.dev/docs/en/next/babel-plugin-transform-object-super","https://github.com/babel/babel.git","node_modules/@babel/plugin-transform-object-super"
"client","@babel/plugin-transform-optional-catch-binding","7.28.6","MIT","false","https://babel.dev/docs/en/next/babel-plugin-transform-optional-catch-binding","https://github.com/babel/babel.git","node_modules/@babel/plugin-transform-optional-catch-binding"
"client","@babel/plugin-transform-optional-chaining","7.28.6","MIT","false","https://babel.dev/docs/en/next/babel-plugin-transform-optional-chaining","https://github.com/babel/babel.git","node_modules/@babel/plugin-transform-optional-chaining"
"client","@babel/plugin-transform-parameters","7.27.7","MIT","false","https://babel.dev/docs/en/next/babel-plugin-transform-parameters","https://github.com/babel/babel.git","node_modules/@babel/plugin-transform-parameters"
"client","@babel/plugin-transform-private-methods","7.28.6","MIT","false","https://babel.dev/docs/en/next/babel-plugin-transform-private-methods","https://github.com/babel/babel.git","node_modules/@babel/plugin-transform-private-methods"
"client","@babel/plugin-transform-private-property-in-object","7.28.6","MIT","false","https://babel.dev/docs/en/next/babel-plugin-transform-private-property-in-object","https://github.com/babel/babel.git","node_modules/@babel/plugin-transform-private-property-in-object"
"client","@babel/plugin-transform-property-literals","7.27.1","MIT","false","https://babel.dev/docs/en/next/babel-plugin-transform-property-literals","https://github.com/babel/babel.git","node_modules/@babel/plugin-transform-property-literals"
"client","@babel/plugin-transform-regenerator","7.29.0","MIT","false","https://babel.dev/docs/en/next/babel-plugin-transform-regenerator","https://github.com/babel/babel.git","node_modules/@babel/plugin-transform-regenerator"
"client","@babel/plugin-transform-regexp-modifiers","7.28.6","MIT","false","https://babel.dev/docs/en/next/babel-plugin-transform-regexp-modifiers","https://github.com/babel/babel.git","node_modules/@babel/plugin-transform-regexp-modifiers"
"client","@babel/plugin-transform-reserved-words","7.27.1","MIT","false","https://babel.dev/docs/en/next/babel-plugin-transform-reserved-words","https://github.com/babel/babel.git","node_modules/@babel/plugin-transform-reserved-words"
"client","@babel/plugin-transform-runtime","7.29.0","MIT","false","https://babel.dev/docs/en/next/babel-plugin-transform-runtime","https://github.com/babel/babel.git","node_modules/@babel/plugin-transform-runtime"
"client","@babel/plugin-transform-shorthand-properties","7.27.1","MIT","false","https://babel.dev/docs/en/next/babel-plugin-transform-shorthand-properties","https://github.com/babel/babel.git","node_modules/@babel/plugin-transform-shorthand-properties"
"client","@babel/plugin-transform-spread","7.28.6","MIT","false","https://babel.dev/docs/en/next/babel-plugin-transform-spread","https://github.com/babel/babel.git","node_modules/@babel/plugin-transform-spread"
"client","@babel/plugin-transform-sticky-regex","7.27.1","MIT","false","https://babel.dev/docs/en/next/babel-plugin-transform-sticky-regex","https://github.com/babel/babel.git","node_modules/@babel/plugin-transform-sticky-regex"
"client","@babel/plugin-transform-template-literals","7.27.1","MIT","false","https://babel.dev/docs/en/next/babel-plugin-transform-template-literals","https://github.com/babel/babel.git","node_modules/@babel/plugin-transform-template-literals"
"client","@babel/plugin-transform-typeof-symbol","7.27.1","MIT","false","https://babel.dev/docs/en/next/babel-plugin-transform-typeof-symbol","https://github.com/babel/babel.git","node_modules/@babel/plugin-transform-typeof-symbol"
"client","@babel/plugin-transform-unicode-escapes","7.27.1","MIT","false","https://babel.dev/docs/en/next/babel-plugin-transform-unicode-escapes","https://github.com/babel/babel.git","node_modules/@babel/plugin-transform-unicode-escapes"
"client","@babel/plugin-transform-unicode-property-regex","7.28.6","MIT","false","https://babel.dev/docs/en/next/babel-plugin-transform-unicode-property-regex","https://github.com/babel/babel.git","node_modules/@babel/plugin-transform-unicode-property-regex"
"client","@babel/plugin-transform-unicode-regex","7.27.1","MIT","false","https://babel.dev/docs/en/next/babel-plugin-transform-unicode-regex","https://github.com/babel/babel.git","node_modules/@babel/plugin-transform-unicode-regex"
"client","@babel/plugin-transform-unicode-sets-regex","7.28.6","MIT","false","https://babel.dev/docs/en/next/babel-plugin-transform-unicode-sets-regex","https://github.com/babel/babel.git","node_modules/@babel/plugin-transform-unicode-sets-regex"
"client","@babel/preset-env","7.29.5","MIT","false","https://babel.dev/docs/en/next/babel-preset-env","https://github.com/babel/babel.git","node_modules/@babel/preset-env"
"client","@babel/preset-modules","0.1.6-no-external-plugins","MIT","false","","https://github.com/babel/preset-modules.git","node_modules/@babel/preset-modules"
"client","@babel/runtime","7.29.2","MIT","false","https://babel.dev/docs/en/next/babel-runtime","https://github.com/babel/babel.git","node_modules/@babel/runtime"
"server","@babel/runtime","7.29.7","MIT","false","https://babel.dev/docs/en/next/babel-runtime","https://github.com/babel/babel.git","server/node_modules/@babel/runtime"
"client","@babel/template","7.28.6","MIT","false","https://babel.dev/docs/en/next/babel-template","https://github.com/babel/babel.git","node_modules/@babel/template"
"server","@babel/template","7.28.6","MIT","false","https://babel.dev/docs/en/next/babel-template","https://github.com/babel/babel.git","server/node_modules/@babel/template"
"client","@babel/traverse","7.29.0","MIT","false","https://babel.dev/docs/en/next/babel-traverse","https://github.com/babel/babel.git","node_modules/@babel/traverse"
"client","@babel/types","7.29.0","MIT","false","https://babel.dev/docs/en/next/babel-types","https://github.com/babel/babel.git","node_modules/@babel/types"
"client","@bcoe/v8-coverage","0.2.3","MIT","false","https://demurgos.github.io/v8-coverage","git://github.com/demurgos/v8-coverage.git","node_modules/@bcoe/v8-coverage"
"server","@bcoe/v8-coverage","0.2.3","MIT","false","https://demurgos.github.io/v8-coverage","git://github.com/demurgos/v8-coverage.git","server/node_modules/@bcoe/v8-coverage"
"server","@colors/colors","1.6.0","MIT","false","https://github.com/DABH/colors.js","http://github.com/DABH/colors.js.git","server/node_modules/@colors/colors"
"server","@cspotcode/source-map-support","0.8.1","MIT","false","","https://github.com/cspotcode/node-source-map-support","server/node_modules/@cspotcode/source-map-support"
"server","@dabh/diagnostics","2.0.8","MIT","false","https://github.com/DABH/diagnostics","git://github.com/DABH/diagnostics.git","server/node_modules/@dabh/diagnostics"
"client","@discoveryjs/json-ext","0.5.7","MIT","false","","discoveryjs/json-ext","node_modules/@discoveryjs/json-ext"
"client","@endemolshinegroup/cosmiconfig-typescript-loader","3.0.2","MIT","false","https://github.com/EndemolShineGroup/cosmiconfig-typescript-loader","https://github.com/EndemolShineGroup/cosmiconfig-typescript-loader.git","node_modules/@endemolshinegroup/cosmiconfig-typescript-loader"
"client","@eslint-community/eslint-utils","4.9.1","MIT","false","https://github.com/eslint-community/eslint-utils#readme","https://github.com/eslint-community/eslint-utils","node_modules/@eslint-community/eslint-utils"
"client","@eslint/eslintrc","0.4.3","MIT","false","https://github.com/eslint/eslintrc#readme","eslint/eslintrc","node_modules/@eslint/eslintrc"
"server","@foliojs-fork/fontkit","1.9.2","MIT","false","","git://github.com/foliojs-fork/fontkit.git","server/node_modules/@foliojs-fork/fontkit"
"server","@foliojs-fork/linebreak","1.1.2","MIT","false","https://github.com/foliojs-fork/linebreaker","https://github.com/foliojs-fork/linebreaker.git","server/node_modules/@foliojs-fork/linebreak"
"server","@foliojs-fork/pdfkit","0.15.3","MIT","false","http://pdfkit.org/","https://github.com/foliojs-fork/pdfkit.git","server/node_modules/@foliojs-fork/pdfkit"
"server","@foliojs-fork/restructure","2.0.2","MIT","false","https://github.com/foliojs-fork/restructure","git://github.com/foliojs-fork/restructure.git","server/node_modules/@foliojs-fork/restructure"
"client","@fortawesome/fontawesome-common-types","0.2.36","MIT","false","https://fontawesome.com","https://github.com/FortAwesome/Font-Awesome","node_modules/@fortawesome/fontawesome-common-types"
"client","@fortawesome/fontawesome-svg-core","1.2.36","MIT","true","https://fontawesome.com","https://github.com/FortAwesome/Font-Awesome","node_modules/@fortawesome/fontawesome-svg-core"
"client","@fullcalendar/core","4.4.2","MIT","true","https://fullcalendar.io/","https://github.com/fullcalendar/fullcalendar.git","node_modules/@fullcalendar/core"
"client","@fullcalendar/daygrid","4.4.2","MIT","true","https://fullcalendar.io/","https://github.com/fullcalendar/fullcalendar.git","node_modules/@fullcalendar/daygrid"
"client","@fullcalendar/interaction","4.4.2","MIT","true","https://fullcalendar.io/","https://github.com/fullcalendar/fullcalendar.git","node_modules/@fullcalendar/interaction"
"client","@fullcalendar/list","4.4.2","MIT","true","https://fullcalendar.io/","https://github.com/fullcalendar/fullcalendar.git","node_modules/@fullcalendar/list"
"client","@fullcalendar/moment-timezone","4.4.2","MIT","true","https://fullcalendar.io/","https://github.com/fullcalendar/fullcalendar.git","node_modules/@fullcalendar/moment-timezone"
"client","@fullcalendar/timegrid","4.4.2","MIT","true","https://fullcalendar.io/","https://github.com/fullcalendar/fullcalendar.git","node_modules/@fullcalendar/timegrid"
"client","@fullcalendar/vue","4.4.2","MIT","true","","https://github.com/fullcalendar/fullcalendar-vue.git","node_modules/@fullcalendar/vue"
"server","@graphql-tools/batch-execute","8.5.1","MIT","false","","ardatan/graphql-tools","server/node_modules/@graphql-tools/batch-execute"
"server","@graphql-tools/delegate","8.8.1","MIT","false","","ardatan/graphql-tools","server/node_modules/@graphql-tools/delegate"
"server","@graphql-tools/merge","9.1.9","MIT","false","","ardatan/graphql-tools","server/node_modules/@graphql-tools/merge"
"server","@graphql-tools/schema","10.0.33","MIT","true","","ardatan/graphql-tools","server/node_modules/@graphql-tools/schema"
"server","@graphql-tools/utils","11.1.0","MIT","false","","ardatan/graphql-tools","server/node_modules/@graphql-tools/utils"
"server","@graphql-typed-document-node/core","3.2.0","MIT","false","","git@github.com:dotansimha/graphql-typed-document-node.git","server/node_modules/@graphql-typed-document-node/core"
"server","@img/colour","1.1.0","MIT","false","","git+https://github.com/lovell/colour.git","server/node_modules/@img/colour"
"server","@ioredis/commands","1.5.1","MIT","false","https://github.com/ioredis/commands","https://github.com/ioredis/commands.git","server/node_modules/@ioredis/commands"
"client","@istanbuljs/schema","0.1.6","MIT","false","https://github.com/istanbuljs/schema#readme","git+https://github.com/istanbuljs/schema.git","node_modules/@istanbuljs/schema"
"server","@istanbuljs/schema","0.1.6","MIT","false","https://github.com/istanbuljs/schema#readme","git+https://github.com/istanbuljs/schema.git","server/node_modules/@istanbuljs/schema"
"client","@jest/console","27.5.1","MIT","false","","https://github.com/facebook/jest.git","node_modules/@jest/console"
"server","@jest/console","29.7.0","MIT","false","","https://github.com/jestjs/jest.git","server/node_modules/@jest/console"
"client","@jest/core","27.5.1","MIT","false","https://jestjs.io/","https://github.com/facebook/jest","node_modules/@jest/core"
"server","@jest/core","29.7.0","MIT","false","https://jestjs.io/","https://github.com/jestjs/jest.git","server/node_modules/@jest/core"
"client","@jest/environment","27.5.1","MIT","false","","https://github.com/facebook/jest.git","node_modules/@jest/environment"
"server","@jest/environment","29.7.0","MIT","false","","https://github.com/jestjs/jest.git","server/node_modules/@jest/environment"
"server","@jest/expect","29.7.0","MIT","false","","https://github.com/jestjs/jest.git","server/node_modules/@jest/expect"
"server","@jest/expect-utils","29.7.0","MIT","false","","https://github.com/jestjs/jest.git","server/node_modules/@jest/expect-utils"
"client","@jest/fake-timers","27.5.1","MIT","false","","https://github.com/facebook/jest.git","node_modules/@jest/fake-timers"
"server","@jest/fake-timers","29.7.0","MIT","false","","https://github.com/jestjs/jest.git","server/node_modules/@jest/fake-timers"
"client","@jest/globals","27.5.1","MIT","false","","https://github.com/facebook/jest.git","node_modules/@jest/globals"
"server","@jest/globals","29.7.0","MIT","false","","https://github.com/jestjs/jest.git","server/node_modules/@jest/globals"
"client","@jest/reporters","27.5.1","MIT","false","https://jestjs.io/","https://github.com/facebook/jest","node_modules/@jest/reporters"
"server","@jest/reporters","29.7.0","MIT","false","https://jestjs.io/","https://github.com/jestjs/jest.git","server/node_modules/@jest/reporters"
"client","@jest/schemas","28.1.3","MIT","false","","https://github.com/facebook/jest.git","node_modules/@jest/schemas"
"server","@jest/schemas","29.6.3","MIT","false","","https://github.com/jestjs/jest.git","server/node_modules/@jest/schemas"
"client","@jest/source-map","27.5.1","MIT","false","","https://github.com/facebook/jest.git","node_modules/@jest/source-map"
"server","@jest/source-map","29.6.3","MIT","false","","https://github.com/jestjs/jest.git","server/node_modules/@jest/source-map"
"client","@jest/test-result","27.5.1","MIT","false","","https://github.com/facebook/jest.git","node_modules/@jest/test-result"
"server","@jest/test-result","29.7.0","MIT","false","","https://github.com/jestjs/jest.git","server/node_modules/@jest/test-result"
"client","@jest/test-sequencer","27.5.1","MIT","false","","https://github.com/facebook/jest.git","node_modules/@jest/test-sequencer"
"server","@jest/test-sequencer","29.7.0","MIT","false","","https://github.com/jestjs/jest.git","server/node_modules/@jest/test-sequencer"
"client","@jest/transform","27.5.1","MIT","false","","https://github.com/facebook/jest.git","node_modules/@jest/transform"
"server","@jest/transform","29.7.0","MIT","false","","https://github.com/jestjs/jest.git","server/node_modules/@jest/transform"
"client","@jest/types","27.5.1","MIT","false","","https://github.com/facebook/jest.git","node_modules/@jest/types"
"server","@jest/types","29.6.3","MIT","false","","https://github.com/jestjs/jest.git","server/node_modules/@jest/types"
"client","@jridgewell/gen-mapping","0.3.13","MIT","false","https://github.com/jridgewell/sourcemaps/tree/main/packages/gen-mapping","git+https://github.com/jridgewell/sourcemaps.git","node_modules/@jridgewell/gen-mapping"
"server","@jridgewell/gen-mapping","0.3.13","MIT","false","https://github.com/jridgewell/sourcemaps/tree/main/packages/gen-mapping","git+https://github.com/jridgewell/sourcemaps.git","server/node_modules/@jridgewell/gen-mapping"
"client","@jridgewell/remapping","2.3.5","MIT","false","https://github.com/jridgewell/sourcemaps/tree/main/packages/remapping","git+https://github.com/jridgewell/sourcemaps.git","node_modules/@jridgewell/remapping"
"server","@jridgewell/remapping","2.3.5","MIT","false","https://github.com/jridgewell/sourcemaps/tree/main/packages/remapping","git+https://github.com/jridgewell/sourcemaps.git","server/node_modules/@jridgewell/remapping"
"client","@jridgewell/resolve-uri","3.1.2","MIT","false","","https://github.com/jridgewell/resolve-uri","node_modules/@jridgewell/resolve-uri"
"server","@jridgewell/resolve-uri","3.1.2","MIT","false","","https://github.com/jridgewell/resolve-uri","server/node_modules/@jridgewell/resolve-uri"
"client","@jridgewell/set-array","1.2.1","MIT","false","","https://github.com/jridgewell/set-array","node_modules/@jridgewell/set-array"
"client","@jridgewell/source-map","0.3.11","MIT","false","https://github.com/jridgewell/sourcemaps/tree/main/packages/source-map","git+https://github.com/jridgewell/sourcemaps.git","node_modules/@jridgewell/source-map"
"client","@jridgewell/sourcemap-codec","1.5.5","MIT","false","https://github.com/jridgewell/sourcemaps/tree/main/packages/sourcemap-codec","git+https://github.com/jridgewell/sourcemaps.git","node_modules/@jridgewell/sourcemap-codec"
"server","@jridgewell/sourcemap-codec","1.5.5","MIT","false","https://github.com/jridgewell/sourcemaps/tree/main/packages/sourcemap-codec","git+https://github.com/jridgewell/sourcemaps.git","server/node_modules/@jridgewell/sourcemap-codec"
"client","@jridgewell/trace-mapping","0.3.31","MIT","false","https://github.com/jridgewell/sourcemaps/tree/main/packages/trace-mapping","git+https://github.com/jridgewell/sourcemaps.git","node_modules/@jridgewell/trace-mapping"
"server","@jridgewell/trace-mapping","0.3.31","MIT","false","https://github.com/jridgewell/sourcemaps/tree/main/packages/trace-mapping","git+https://github.com/jridgewell/sourcemaps.git","server/node_modules/@jridgewell/trace-mapping"
"client","@leichtgewicht/ip-codec","2.0.5","MIT","false","https://github.com/martinheidegger/ip-codec#readme","git+https://github.com/martinheidegger/ip-codec.git","node_modules/@leichtgewicht/ip-codec"
"server","@msgpackr-extract/msgpackr-extract-win32-x64","3.0.3","MIT","false","","http://github.com/kriszyp/msgpackr-extract","server/node_modules/@msgpackr-extract/msgpackr-extract-win32-x64"
"server","@nodable/entities","2.1.1","MIT","false","","git+https://github.com/nodable/val-parsers.git","server/node_modules/@nodable/entities"
"client","@node-ipc/js-queue","2.0.3","MIT","false","https://github.com/node-ipc/js-queue#readme","git+https://github.com/node-ipc/js-queue.git","node_modules/@node-ipc/js-queue"
"client","@nodelib/fs.scandir","2.1.5","MIT","false","","https://github.com/nodelib/nodelib/tree/master/packages/fs/fs.scandir","node_modules/@nodelib/fs.scandir"
"client","@nodelib/fs.stat","2.0.5","MIT","false","","https://github.com/nodelib/nodelib/tree/master/packages/fs/fs.stat","node_modules/@nodelib/fs.stat"
"client","@nodelib/fs.walk","1.2.8","MIT","false","","https://github.com/nodelib/nodelib/tree/master/packages/fs/fs.walk","node_modules/@nodelib/fs.walk"
"client","@oclif/color","1.0.13","MIT","false","https://github.com/oclif/color","oclif/color","node_modules/@oclif/color"
"client","@oclif/command","1.8.16","MIT","false","https://github.com/oclif/command","oclif/command","node_modules/@oclif/command"
"client","@oclif/config","1.18.3","MIT","false","https://github.com/oclif/config","oclif/config","node_modules/@oclif/config"
"client","@oclif/core","1.26.2","MIT","false","https://github.com/oclif/core","oclif/core","node_modules/@oclif/core"
"client","@oclif/errors","1.3.5","MIT","false","https://github.com/oclif/errors","oclif/errors","node_modules/@oclif/errors"
"client","@oclif/help","1.0.15","MIT","false","https://github.com/oclif/help#readme","oclif/help","node_modules/@oclif/help"
"client","@oclif/parser","3.8.17","MIT","false","https://github.com/oclif/parser","oclif/parser","node_modules/@oclif/parser"
"client","@oclif/plugin-autocomplete","1.3.0","MIT","false","https://github.com/oclif/plugin-autocomplete","oclif/plugin-autocomplete","node_modules/@oclif/plugin-autocomplete"
"client","@oclif/plugin-help","5.1.12","MIT","false","https://github.com/oclif/plugin-help","oclif/plugin-help","node_modules/@oclif/plugin-help"
"client","@oclif/plugin-not-found","2.3.1","MIT","false","https://github.com/oclif/plugin-not-found","oclif/plugin-not-found","node_modules/@oclif/plugin-not-found"
"client","@oclif/plugin-plugins","2.1.0","MIT","false","https://github.com/oclif/plugin-plugins","oclif/plugin-plugins","node_modules/@oclif/plugin-plugins"
"client","@oclif/plugin-warn-if-update-available","2.0.4","MIT","false","https://github.com/oclif/plugin-warn-if-update-available","oclif/plugin-warn-if-update-available","node_modules/@oclif/plugin-warn-if-update-available"
"client","@oclif/screen","3.0.8","MIT","false","https://github.com/oclif/screen","oclif/screen","node_modules/@oclif/screen"
"client","@one-ini/wasm","0.1.1","MIT","false","","https://github.com/one-ini/core","node_modules/@one-ini/wasm"
"client","@pkgjs/parseargs","0.11.0","MIT","false","https://github.com/pkgjs/parseargs#readme","git@github.com:pkgjs/parseargs.git","node_modules/@pkgjs/parseargs"
"client","@polka/url","1.0.0-next.29","MIT","false","","lukeed/polka","node_modules/@polka/url"
"client","@samverschueren/stream-to-observable","0.3.1","MIT","false","","SamVerschueren/stream-to-observable","node_modules/@samverschueren/stream-to-observable"
"client","@sinclair/typebox","0.24.51","MIT","false","","https://github.com/sinclairzx81/typebox","node_modules/@sinclair/typebox"
"server","@sinclair/typebox","0.27.10","MIT","false","","https://github.com/sinclairzx81/typebox-legacy","server/node_modules/@sinclair/typebox"
"server","@so-ric/colorspace","1.1.6","MIT","false","https://github.com/so-ric/colorspace","https://github.com/so-ric/colorspace","server/node_modules/@so-ric/colorspace"
"client","@soda/friendly-errors-webpack-plugin","1.8.1","MIT","false","","git+https://github.com/sodatea/friendly-errors-webpack-plugin.git","node_modules/@soda/friendly-errors-webpack-plugin"
"client","@soda/get-current-script","1.0.2","MIT","false","","https://github.com/sodatea/get-current-script.git","node_modules/@soda/get-current-script"
"server","@standard-schema/spec","1.1.0","MIT","false","https://standardschema.dev","https://github.com/standard-schema/standard-schema","server/node_modules/@standard-schema/spec"
"client","@tootallnate/once","1.1.2","MIT","false","","git://github.com/TooTallNate/once.git","node_modules/@tootallnate/once"
"server","@tsconfig/node10","1.0.12","MIT","false","","https://github.com/tsconfig/bases.git","server/node_modules/@tsconfig/node10"
"server","@tsconfig/node12","1.0.11","MIT","false","","https://github.com/tsconfig/bases.git","server/node_modules/@tsconfig/node12"
"server","@tsconfig/node14","1.0.3","MIT","false","","https://github.com/tsconfig/bases.git","server/node_modules/@tsconfig/node14"
"server","@tsconfig/node16","1.0.4","MIT","false","","https://github.com/tsconfig/bases.git","server/node_modules/@tsconfig/node16"
"client","@tweenjs/tween.js","25.0.0","MIT","false","https://github.com/tweenjs/tween.js","https://github.com/tweenjs/tween.js.git","node_modules/@tweenjs/tween.js"
"client","@types/accepts","1.3.7","MIT","false","https://github.com/DefinitelyTyped/DefinitelyTyped/tree/master/types/accepts","https://github.com/DefinitelyTyped/DefinitelyTyped.git","node_modules/@types/accepts"
"client","@types/babel__core","7.20.5","MIT","false","https://github.com/DefinitelyTyped/DefinitelyTyped/tree/master/types/babel__core","https://github.com/DefinitelyTyped/DefinitelyTyped.git","node_modules/@types/babel__core"
"server","@types/babel__core","7.20.5","MIT","false","https://github.com/DefinitelyTyped/DefinitelyTyped/tree/master/types/babel__core","https://github.com/DefinitelyTyped/DefinitelyTyped.git","server/node_modules/@types/babel__core"
"client","@types/babel__generator","7.27.0","MIT","false","https://github.com/DefinitelyTyped/DefinitelyTyped/tree/master/types/babel__generator","https://github.com/DefinitelyTyped/DefinitelyTyped.git","node_modules/@types/babel__generator"
"server","@types/babel__generator","7.27.0","MIT","false","https://github.com/DefinitelyTyped/DefinitelyTyped/tree/master/types/babel__generator","https://github.com/DefinitelyTyped/DefinitelyTyped.git","server/node_modules/@types/babel__generator"
"client","@types/babel__template","7.4.4","MIT","false","https://github.com/DefinitelyTyped/DefinitelyTyped/tree/master/types/babel__template","https://github.com/DefinitelyTyped/DefinitelyTyped.git","node_modules/@types/babel__template"
"server","@types/babel__template","7.4.4","MIT","false","https://github.com/DefinitelyTyped/DefinitelyTyped/tree/master/types/babel__template","https://github.com/DefinitelyTyped/DefinitelyTyped.git","server/node_modules/@types/babel__template"
"client","@types/babel__traverse","7.28.0","MIT","false","https://github.com/DefinitelyTyped/DefinitelyTyped/tree/master/types/babel__traverse","https://github.com/DefinitelyTyped/DefinitelyTyped.git","node_modules/@types/babel__traverse"
"server","@types/babel__traverse","7.28.0","MIT","false","https://github.com/DefinitelyTyped/DefinitelyTyped/tree/master/types/babel__traverse","https://github.com/DefinitelyTyped/DefinitelyTyped.git","server/node_modules/@types/babel__traverse"
"server","@types/bcryptjs","2.4.6","MIT","false","https://github.com/DefinitelyTyped/DefinitelyTyped/tree/master/types/bcryptjs","https://github.com/DefinitelyTyped/DefinitelyTyped.git","server/node_modules/@types/bcryptjs"
"client","@types/body-parser","1.19.0","MIT","false","","https://github.com/DefinitelyTyped/DefinitelyTyped.git","node_modules/@types/body-parser"
"client","@types/bonjour","3.5.13","MIT","false","https://github.com/DefinitelyTyped/DefinitelyTyped/tree/master/types/bonjour","https://github.com/DefinitelyTyped/DefinitelyTyped.git","node_modules/@types/bonjour"
"client","@types/connect","3.4.38","MIT","false","https://github.com/DefinitelyTyped/DefinitelyTyped/tree/master/types/connect","https://github.com/DefinitelyTyped/DefinitelyTyped.git","node_modules/@types/connect"
"client","@types/connect-history-api-fallback","1.5.4","MIT","false","https://github.com/DefinitelyTyped/DefinitelyTyped/tree/master/types/connect-history-api-fallback","https://github.com/DefinitelyTyped/DefinitelyTyped.git","node_modules/@types/connect-history-api-fallback"
"client","@types/content-disposition","0.5.9","MIT","false","https://github.com/DefinitelyTyped/DefinitelyTyped/tree/master/types/content-disposition","https://github.com/DefinitelyTyped/DefinitelyTyped.git","node_modules/@types/content-disposition"
"client","@types/cookies","0.9.2","MIT","false","https://github.com/DefinitelyTyped/DefinitelyTyped/tree/master/types/cookies","https://github.com/DefinitelyTyped/DefinitelyTyped.git","node_modules/@types/cookies"
"client","@types/cors","2.8.10","MIT","false","","https://github.com/DefinitelyTyped/DefinitelyTyped.git","node_modules/@types/cors"
"client","@types/eslint","8.56.12","MIT","false","https://github.com/DefinitelyTyped/DefinitelyTyped/tree/master/types/eslint","https://github.com/DefinitelyTyped/DefinitelyTyped.git","node_modules/@types/eslint"
"client","@types/estree","1.0.9","MIT","false","https://github.com/DefinitelyTyped/DefinitelyTyped/tree/master/types/estree","https://github.com/DefinitelyTyped/DefinitelyTyped.git","node_modules/@types/estree"
"client","@types/express","4.17.25","MIT","false","https://github.com/DefinitelyTyped/DefinitelyTyped/tree/master/types/express","https://github.com/DefinitelyTyped/DefinitelyTyped.git","node_modules/@types/express"
"client","@types/express-serve-static-core","4.19.8","MIT","false","https://github.com/DefinitelyTyped/DefinitelyTyped/tree/master/types/express-serve-static-core","https://github.com/DefinitelyTyped/DefinitelyTyped.git","node_modules/@types/express-serve-static-core"
"client","@types/fs-capacitor","2.0.0","MIT","false","","https://github.com/DefinitelyTyped/DefinitelyTyped.git","node_modules/@types/fs-capacitor"
"client","@types/graceful-fs","4.1.9","MIT","false","https://github.com/DefinitelyTyped/DefinitelyTyped/tree/master/types/graceful-fs","https://github.com/DefinitelyTyped/DefinitelyTyped.git","node_modules/@types/graceful-fs"
"server","@types/graceful-fs","4.1.9","MIT","false","https://github.com/DefinitelyTyped/DefinitelyTyped/tree/master/types/graceful-fs","https://github.com/DefinitelyTyped/DefinitelyTyped.git","server/node_modules/@types/graceful-fs"
"client","@types/html-minifier-terser","6.1.0","MIT","false","https://github.com/DefinitelyTyped/DefinitelyTyped/tree/master/types/html-minifier-terser","https://github.com/DefinitelyTyped/DefinitelyTyped.git","node_modules/@types/html-minifier-terser"
"client","@types/http-assert","1.5.6","MIT","false","https://github.com/DefinitelyTyped/DefinitelyTyped/tree/master/types/http-assert","https://github.com/DefinitelyTyped/DefinitelyTyped.git","node_modules/@types/http-assert"
"client","@types/http-errors","2.0.5","MIT","false","https://github.com/DefinitelyTyped/DefinitelyTyped/tree/master/types/http-errors","https://github.com/DefinitelyTyped/DefinitelyTyped.git","node_modules/@types/http-errors"
"client","@types/http-proxy","1.17.17","MIT","false","https://github.com/DefinitelyTyped/DefinitelyTyped/tree/master/types/http-proxy","https://github.com/DefinitelyTyped/DefinitelyTyped.git","node_modules/@types/http-proxy"
"client","@types/istanbul-lib-coverage","2.0.6","MIT","false","https://github.com/DefinitelyTyped/DefinitelyTyped/tree/master/types/istanbul-lib-coverage","https://github.com/DefinitelyTyped/DefinitelyTyped.git","node_modules/@types/istanbul-lib-coverage"
"server","@types/istanbul-lib-coverage","2.0.6","MIT","false","https://github.com/DefinitelyTyped/DefinitelyTyped/tree/master/types/istanbul-lib-coverage","https://github.com/DefinitelyTyped/DefinitelyTyped.git","server/node_modules/@types/istanbul-lib-coverage"
"client","@types/istanbul-lib-report","3.0.3","MIT","false","https://github.com/DefinitelyTyped/DefinitelyTyped/tree/master/types/istanbul-lib-report","https://github.com/DefinitelyTyped/DefinitelyTyped.git","node_modules/@types/istanbul-lib-report"
"server","@types/istanbul-lib-report","3.0.3","MIT","false","https://github.com/DefinitelyTyped/DefinitelyTyped/tree/master/types/istanbul-lib-report","https://github.com/DefinitelyTyped/DefinitelyTyped.git","server/node_modules/@types/istanbul-lib-report"
"client","@types/istanbul-reports","3.0.4","MIT","false","https://github.com/DefinitelyTyped/DefinitelyTyped/tree/master/types/istanbul-reports","https://github.com/DefinitelyTyped/DefinitelyTyped.git","node_modules/@types/istanbul-reports"
"server","@types/istanbul-reports","3.0.4","MIT","false","https://github.com/DefinitelyTyped/DefinitelyTyped/tree/master/types/istanbul-reports","https://github.com/DefinitelyTyped/DefinitelyTyped.git","server/node_modules/@types/istanbul-reports"
"client","@types/jest","27.5.2","MIT","false","https://github.com/DefinitelyTyped/DefinitelyTyped/tree/master/types/jest","https://github.com/DefinitelyTyped/DefinitelyTyped.git","node_modules/@types/jest"
"client","@types/json-schema","7.0.15","MIT","false","https://github.com/DefinitelyTyped/DefinitelyTyped/tree/master/types/json-schema","https://github.com/DefinitelyTyped/DefinitelyTyped.git","node_modules/@types/json-schema"
"server","@types/jsonwebtoken","7.2.8","MIT","false","","https://github.com/DefinitelyTyped/DefinitelyTyped.git","server/node_modules/@types/jsonwebtoken"
"client","@types/keygrip","1.0.6","MIT","false","https://github.com/DefinitelyTyped/DefinitelyTyped/tree/master/types/keygrip","https://github.com/DefinitelyTyped/DefinitelyTyped.git","node_modules/@types/keygrip"
"client","@types/koa","3.0.3","MIT","false","https://github.com/DefinitelyTyped/DefinitelyTyped/tree/master/types/koa","https://github.com/DefinitelyTyped/DefinitelyTyped.git","node_modules/@types/koa"
"client","@types/koa-compose","3.2.9","MIT","false","https://github.com/DefinitelyTyped/DefinitelyTyped/tree/master/types/koa-compose","https://github.com/DefinitelyTyped/DefinitelyTyped.git","node_modules/@types/koa-compose"
"server","@types/lodash","4.17.24","MIT","false","https://github.com/DefinitelyTyped/DefinitelyTyped/tree/master/types/lodash","https://github.com/DefinitelyTyped/DefinitelyTyped.git","server/node_modules/@types/lodash"
"client","@types/long","4.0.2","MIT","false","https://github.com/DefinitelyTyped/DefinitelyTyped/tree/master/types/long","https://github.com/DefinitelyTyped/DefinitelyTyped.git","node_modules/@types/long"
"server","@types/long","4.0.2","MIT","false","https://github.com/DefinitelyTyped/DefinitelyTyped/tree/master/types/long","https://github.com/DefinitelyTyped/DefinitelyTyped.git","server/node_modules/@types/long"
"client","@types/mime","1.3.5","MIT","false","https://github.com/DefinitelyTyped/DefinitelyTyped/tree/master/types/mime","https://github.com/DefinitelyTyped/DefinitelyTyped.git","node_modules/@types/mime"
"client","@types/minimist","1.2.5","MIT","false","https://github.com/DefinitelyTyped/DefinitelyTyped/tree/master/types/minimist","https://github.com/DefinitelyTyped/DefinitelyTyped.git","node_modules/@types/minimist"
"client","@types/node","25.9.1","MIT","false","https://github.com/DefinitelyTyped/DefinitelyTyped/tree/master/types/node","https://github.com/DefinitelyTyped/DefinitelyTyped.git","node_modules/@types/node"
"server","@types/node","25.9.1","MIT","false","https://github.com/DefinitelyTyped/DefinitelyTyped/tree/master/types/node","https://github.com/DefinitelyTyped/DefinitelyTyped.git","server/node_modules/@types/node"
"client","@types/node-fetch","2.6.13","MIT","false","https://github.com/DefinitelyTyped/DefinitelyTyped/tree/master/types/node-fetch","https://github.com/DefinitelyTyped/DefinitelyTyped.git","node_modules/@types/node-fetch"
"client","@types/node-forge","1.3.14","MIT","false","https://github.com/DefinitelyTyped/DefinitelyTyped/tree/master/types/node-forge","https://github.com/DefinitelyTyped/DefinitelyTyped.git","node_modules/@types/node-forge"
"client","@types/normalize-package-data","2.4.4","MIT","false","https://github.com/DefinitelyTyped/DefinitelyTyped/tree/master/types/normalize-package-data","https://github.com/DefinitelyTyped/DefinitelyTyped.git","node_modules/@types/normalize-package-data"
"client","@types/parse-json","4.0.2","MIT","false","https://github.com/DefinitelyTyped/DefinitelyTyped/tree/master/types/parse-json","https://github.com/DefinitelyTyped/DefinitelyTyped.git","node_modules/@types/parse-json"
"client","@types/prettier","2.7.3","MIT","false","https://github.com/DefinitelyTyped/DefinitelyTyped/tree/master/types/prettier","https://github.com/DefinitelyTyped/DefinitelyTyped.git","node_modules/@types/prettier"
"client","@types/qs","6.15.1","MIT","false","https://github.com/DefinitelyTyped/DefinitelyTyped/tree/master/types/qs","https://github.com/DefinitelyTyped/DefinitelyTyped.git","node_modules/@types/qs"
"client","@types/range-parser","1.2.7","MIT","false","https://github.com/DefinitelyTyped/DefinitelyTyped/tree/master/types/range-parser","https://github.com/DefinitelyTyped/DefinitelyTyped.git","node_modules/@types/range-parser"
"client","@types/retry","0.12.0","MIT","false","","https://github.com/DefinitelyTyped/DefinitelyTyped.git","node_modules/@types/retry"
"client","@types/send","1.2.1","MIT","false","https://github.com/DefinitelyTyped/DefinitelyTyped/tree/master/types/send","https://github.com/DefinitelyTyped/DefinitelyTyped.git","node_modules/@types/send"
"client","@types/serve-index","1.9.4","MIT","false","https://github.com/DefinitelyTyped/DefinitelyTyped/tree/master/types/serve-index","https://github.com/DefinitelyTyped/DefinitelyTyped.git","node_modules/@types/serve-index"
"client","@types/serve-static","1.15.10","MIT","false","https://github.com/DefinitelyTyped/DefinitelyTyped/tree/master/types/serve-static","https://github.com/DefinitelyTyped/DefinitelyTyped.git","node_modules/@types/serve-static"
"client","@types/sockjs","0.3.36","MIT","false","https://github.com/DefinitelyTyped/DefinitelyTyped/tree/master/types/sockjs","https://github.com/DefinitelyTyped/DefinitelyTyped.git","node_modules/@types/sockjs"
"client","@types/stack-utils","2.0.3","MIT","false","https://github.com/DefinitelyTyped/DefinitelyTyped/tree/master/types/stack-utils","https://github.com/DefinitelyTyped/DefinitelyTyped.git","node_modules/@types/stack-utils"
"server","@types/stack-utils","2.0.3","MIT","false","https://github.com/DefinitelyTyped/DefinitelyTyped/tree/master/types/stack-utils","https://github.com/DefinitelyTyped/DefinitelyTyped.git","server/node_modules/@types/stack-utils"
"client","@types/strip-bom","3.0.0","MIT","false","","https://www.github.com/DefinitelyTyped/DefinitelyTyped.git","node_modules/@types/strip-bom"
"client","@types/strip-json-comments","0.0.30","MIT","false","","https://www.github.com/DefinitelyTyped/DefinitelyTyped.git","node_modules/@types/strip-json-comments"
"server","@types/triple-beam","1.3.5","MIT","false","https://github.com/DefinitelyTyped/DefinitelyTyped/tree/master/types/triple-beam","https://github.com/DefinitelyTyped/DefinitelyTyped.git","server/node_modules/@types/triple-beam"
"client","@types/trusted-types","2.0.7","MIT","false","https://github.com/DefinitelyTyped/DefinitelyTyped/tree/master/types/trusted-types","https://github.com/DefinitelyTyped/DefinitelyTyped.git","node_modules/@types/trusted-types"
"server","@types/uuid","3.4.13","MIT","false","https://github.com/DefinitelyTyped/DefinitelyTyped/tree/master/types/uuid","https://github.com/DefinitelyTyped/DefinitelyTyped.git","server/node_modules/@types/uuid"
"server","@types/validator","9.4.4","MIT","false","","https://github.com/DefinitelyTyped/DefinitelyTyped.git","server/node_modules/@types/validator"
"client","@types/ws","7.4.7","MIT","false","https://github.com/DefinitelyTyped/DefinitelyTyped/tree/master/types/ws","https://github.com/DefinitelyTyped/DefinitelyTyped.git","node_modules/@types/ws"
"client","@types/yargs","16.0.11","MIT","false","https://github.com/DefinitelyTyped/DefinitelyTyped/tree/master/types/yargs","https://github.com/DefinitelyTyped/DefinitelyTyped.git","node_modules/@types/yargs"
"server","@types/yargs","17.0.35","MIT","false","https://github.com/DefinitelyTyped/DefinitelyTyped/tree/master/types/yargs","https://github.com/DefinitelyTyped/DefinitelyTyped.git","server/node_modules/@types/yargs"
"client","@types/yargs-parser","21.0.3","MIT","false","https://github.com/DefinitelyTyped/DefinitelyTyped/tree/master/types/yargs-parser","https://github.com/DefinitelyTyped/DefinitelyTyped.git","node_modules/@types/yargs-parser"
"server","@types/yargs-parser","21.0.3","MIT","false","https://github.com/DefinitelyTyped/DefinitelyTyped/tree/master/types/yargs-parser","https://github.com/DefinitelyTyped/DefinitelyTyped.git","server/node_modules/@types/yargs-parser"
"server","@types/yup","0.29.13","MIT","false","https://github.com/DefinitelyTyped/DefinitelyTyped/tree/master/types/yup","https://github.com/DefinitelyTyped/DefinitelyTyped.git","server/node_modules/@types/yup"
"client","@types/zen-observable","0.8.0","MIT","false","","https://github.com/DefinitelyTyped/DefinitelyTyped.git","node_modules/@types/zen-observable"
"client","@videojs/vhs-utils","3.0.5","MIT","false","","git@github.com:videojs/vhs-utils.git","node_modules/@videojs/vhs-utils"
"client","@videojs/xhr","2.6.0","MIT","false","https://github.com/videojs/xhr","git://github.com/videojs/xhr.git","node_modules/@videojs/xhr"
"client","@vue/babel-helper-vue-jsx-merge-props","1.4.0","MIT","false","","https://github.com/vuejs/jsx/tree/master/packages/babel-helper-vue-jsx-merge-props","node_modules/@vue/babel-helper-vue-jsx-merge-props"
"client","@vue/babel-helper-vue-transform-on","1.5.0","MIT","false","","git+https://github.com/vuejs/babel-plugin-jsx.git","node_modules/@vue/babel-helper-vue-transform-on"
"client","@vue/babel-plugin-jsx","1.5.0","MIT","false","https://github.com/vuejs/babel-plugin-jsx/tree/dev/packages/babel-plugin-jsx#readme","git+https://github.com/vuejs/babel-plugin-jsx.git","node_modules/@vue/babel-plugin-jsx"
"client","@vue/babel-plugin-resolve-type","1.5.0","MIT","false","https://github.com/vuejs/babel-plugin-jsx/tree/dev/packages/babel-plugin-resolve-type#readme","git+https://github.com/vuejs/babel-plugin-jsx.git","node_modules/@vue/babel-plugin-resolve-type"
"client","@vue/babel-plugin-transform-vue-jsx","1.4.0","MIT","false","","https://github.com/vuejs/jsx/tree/master/packages/babel-plugin-transform-vue-jsx","node_modules/@vue/babel-plugin-transform-vue-jsx"
"client","@vue/babel-preset-app","5.0.9","MIT","false","https://github.com/vuejs/vue-cli/tree/dev/packages/@vue/babel-preset-app#readme","git+https://github.com/vuejs/vue-cli.git","node_modules/@vue/babel-preset-app"
"client","@vue/babel-preset-jsx","1.4.0","MIT","false","","https://github.com/vuejs/jsx/tree/master/packages/babel-preset-jsx","node_modules/@vue/babel-preset-jsx"
"client","@vue/babel-sugar-composition-api-inject-h","1.4.0","MIT","false","","https://github.com/vuejs/jsx/tree/master/packages/babel-sugar-composition-api-inject-h","node_modules/@vue/babel-sugar-composition-api-inject-h"
"client","@vue/babel-sugar-composition-api-render-instance","1.4.0","MIT","false","","https://github.com/vuejs/jsx/tree/master/packages/babel-sugar-composition-api-render-instance","node_modules/@vue/babel-sugar-composition-api-render-instance"
"client","@vue/babel-sugar-functional-vue","1.4.0","MIT","false","","https://github.com/vuejs/jsx/tree/master/packages/babel-sugar-functional-vue","node_modules/@vue/babel-sugar-functional-vue"
"client","@vue/babel-sugar-inject-h","1.4.0","MIT","false","","https://github.com/vuejs/jsx/tree/master/packages/babel-sugar-inject-h","node_modules/@vue/babel-sugar-inject-h"
"client","@vue/babel-sugar-v-model","1.4.0","MIT","false","","https://github.com/vuejs/jsx/tree/master/packages/babel-sugar-v-model","node_modules/@vue/babel-sugar-v-model"
"client","@vue/babel-sugar-v-on","1.4.0","MIT","false","","https://github.com/vuejs/jsx/tree/master/packages/babel-sugar-v-on","node_modules/@vue/babel-sugar-v-on"
"client","@vue/cli-overlay","5.0.9","MIT","false","https://github.com/vuejs/vue-cli/tree/dev/packages/@vue/cli-overlay#readme","git+https://github.com/vuejs/vue-cli.git","node_modules/@vue/cli-overlay"
"client","@vue/cli-plugin-babel","5.0.9","MIT","true","https://github.com/vuejs/vue-cli/tree/dev/packages/@vue/cli-plugin-babel#readme","git+https://github.com/vuejs/vue-cli.git","node_modules/@vue/cli-plugin-babel"
"client","@vue/cli-plugin-e2e-cypress","5.0.9","MIT","true","https://github.com/vuejs/vue-cli/tree/dev/packages/@vue/cli-plugin-e2e-cypress#readme","git+https://github.com/vuejs/vue-cli.git","node_modules/@vue/cli-plugin-e2e-cypress"
"client","@vue/cli-plugin-eslint","5.0.9","MIT","true","https://github.com/vuejs/vue-cli/tree/dev/packages/@vue/cli-plugin-eslint#readme","git+https://github.com/vuejs/vue-cli.git","node_modules/@vue/cli-plugin-eslint"
"client","@vue/cli-plugin-router","5.0.9","MIT","false","https://github.com/vuejs/vue-cli/tree/dev/packages/@vue/cli-plugin-router#readme","git+https://github.com/vuejs/vue-cli.git","node_modules/@vue/cli-plugin-router"
"client","@vue/cli-plugin-unit-jest","5.0.9","MIT","true","https://github.com/vuejs/vue-cli/tree/dev/packages/@vue/cli-plugin-unit-jest#readme","git+https://github.com/vuejs/vue-cli.git","node_modules/@vue/cli-plugin-unit-jest"
"client","@vue/cli-plugin-vuex","5.0.9","MIT","false","https://github.com/vuejs/vue-cli/tree/dev/packages/@vue/cli-plugin-vuex#readme","git+https://github.com/vuejs/vue-cli.git","node_modules/@vue/cli-plugin-vuex"
"client","@vue/cli-service","5.0.9","MIT","true","https://cli.vuejs.org/","git+https://github.com/vuejs/vue-cli.git","node_modules/@vue/cli-service"
"client","@vue/cli-shared-utils","5.0.9","MIT","false","https://github.com/vuejs/vue-cli/tree/dev/packages/@vue/cli-shared-utils#readme","git+https://github.com/vuejs/vue-cli.git","node_modules/@vue/cli-shared-utils"
"client","@vue/compiler-core","3.5.34","MIT","false","https://github.com/vuejs/core/tree/main/packages/compiler-core#readme","git+https://github.com/vuejs/core.git","node_modules/@vue/compiler-core"
"client","@vue/compiler-dom","3.5.34","MIT","false","https://github.com/vuejs/core/tree/main/packages/compiler-dom#readme","git+https://github.com/vuejs/core.git","node_modules/@vue/compiler-dom"
"client","@vue/compiler-sfc","3.5.34","MIT","false","https://github.com/vuejs/core/tree/main/packages/compiler-sfc#readme","git+https://github.com/vuejs/core.git","node_modules/@vue/compiler-sfc"
"client","@vue/compiler-ssr","3.5.34","MIT","false","https://github.com/vuejs/core/tree/main/packages/compiler-ssr#readme","git+https://github.com/vuejs/core.git","node_modules/@vue/compiler-ssr"
"client","@vue/component-compiler-utils","3.3.0","MIT","false","https://github.com/vuejs/component-compiler-utils#readme","git+https://github.com/vuejs/component-compiler-utils.git","node_modules/@vue/component-compiler-utils"
"client","@vue/shared","3.5.34","MIT","false","https://github.com/vuejs/core/tree/main/packages/shared#readme","git+https://github.com/vuejs/core.git","node_modules/@vue/shared"
"client","@vue/test-utils","1.3.6","MIT","true","https://github.com/vuejs/vue-test-utils#readme","git+https://github.com/vuejs/vue-test-utils.git","node_modules/@vue/test-utils"
"client","@vue/web-component-wrapper","1.3.0","MIT","false","https://github.com/vuejs/web-component-wrapper#readme","git+https://github.com/vuejs/web-component-wrapper.git","node_modules/@vue/web-component-wrapper"
"client","@webassemblyjs/ast","1.14.1","MIT","false","","https://github.com/xtuc/webassemblyjs.git","node_modules/@webassemblyjs/ast"
"client","@webassemblyjs/floating-point-hex-parser","1.13.2","MIT","false","","https://github.com/xtuc/webassemblyjs.git","node_modules/@webassemblyjs/floating-point-hex-parser"
"client","@webassemblyjs/helper-api-error","1.13.2","MIT","false","","https://github.com/xtuc/webassemblyjs.git","node_modules/@webassemblyjs/helper-api-error"
"client","@webassemblyjs/helper-buffer","1.14.1","MIT","false","","https://github.com/xtuc/webassemblyjs.git","node_modules/@webassemblyjs/helper-buffer"
"client","@webassemblyjs/helper-numbers","1.13.2","MIT","false","","https://github.com/xtuc/webassemblyjs.git","node_modules/@webassemblyjs/helper-numbers"
"client","@webassemblyjs/helper-wasm-bytecode","1.13.2","MIT","false","","https://github.com/xtuc/webassemblyjs.git","node_modules/@webassemblyjs/helper-wasm-bytecode"
"client","@webassemblyjs/helper-wasm-section","1.14.1","MIT","false","","https://github.com/xtuc/webassemblyjs.git","node_modules/@webassemblyjs/helper-wasm-section"
"client","@webassemblyjs/ieee754","1.13.2","MIT","false","","https://github.com/xtuc/webassemblyjs.git","node_modules/@webassemblyjs/ieee754"
"client","@webassemblyjs/utf8","1.13.2","MIT","false","","https://github.com/xtuc/webassemblyjs.git","node_modules/@webassemblyjs/utf8"
"client","@webassemblyjs/wasm-edit","1.14.1","MIT","false","","https://github.com/xtuc/webassemblyjs.git","node_modules/@webassemblyjs/wasm-edit"
"client","@webassemblyjs/wasm-gen","1.14.1","MIT","false","","https://github.com/xtuc/webassemblyjs.git","node_modules/@webassemblyjs/wasm-gen"
"client","@webassemblyjs/wasm-opt","1.14.1","MIT","false","","https://github.com/xtuc/webassemblyjs.git","node_modules/@webassemblyjs/wasm-opt"
"client","@webassemblyjs/wasm-parser","1.14.1","MIT","false","","https://github.com/xtuc/webassemblyjs.git","node_modules/@webassemblyjs/wasm-parser"
"client","@webassemblyjs/wast-printer","1.14.1","MIT","false","","https://github.com/xtuc/webassemblyjs.git","node_modules/@webassemblyjs/wast-printer"
"server","@whatwg-node/promise-helpers","1.3.2","MIT","false","","ardatan/whatwg-node","server/node_modules/@whatwg-node/promise-helpers"
"client","@wry/context","0.4.4","MIT","false","https://github.com/benjamn/wryware","git+https://github.com/benjamn/wryware.git","node_modules/@wry/context"
"client","@wry/equality","0.1.11","MIT","false","https://github.com/benjamn/wryware","git+https://github.com/benjamn/wryware.git","node_modules/@wry/equality"
"client","@xmldom/xmldom","0.8.13","MIT","false","https://github.com/xmldom/xmldom","git://github.com/xmldom/xmldom.git","node_modules/@xmldom/xmldom"
"client","accepts","1.3.8","MIT","false","","jshttp/accepts","node_modules/accepts"
"server","accepts","1.3.8","MIT","false","","jshttp/accepts","server/node_modules/accepts"
"client","acorn","8.16.0","MIT","false","https://github.com/acornjs/acorn","git+https://github.com/acornjs/acorn.git","node_modules/acorn"
"server","acorn","6.4.2","MIT","false","https://github.com/acornjs/acorn","https://github.com/acornjs/acorn.git","server/node_modules/acorn"
"client","acorn-globals","6.0.0","MIT","false","","https://github.com/ForbesLindesay/acorn-globals.git","node_modules/acorn-globals"
"client","acorn-import-phases","1.0.4","MIT","false","","https://github.com/nicolo-ribaudo/acorn-import-phases.git","node_modules/acorn-import-phases"
"client","acorn-jsx","5.3.2","MIT","false","https://github.com/acornjs/acorn-jsx","https://github.com/acornjs/acorn-jsx","node_modules/acorn-jsx"
"server","acorn-jsx","5.3.2","MIT","false","https://github.com/acornjs/acorn-jsx","https://github.com/acornjs/acorn-jsx","server/node_modules/acorn-jsx"
"client","acorn-walk","8.3.5","MIT","false","https://github.com/acornjs/acorn","https://github.com/acornjs/acorn.git","node_modules/acorn-walk"
"server","acorn-walk","8.3.5","MIT","false","https://github.com/acornjs/acorn","https://github.com/acornjs/acorn.git","server/node_modules/acorn-walk"
"client","address","1.2.2","MIT","false","","git://github.com/node-modules/address.git","node_modules/address"
"client","agent-base","6.0.2","MIT","false","","git://github.com/TooTallNate/node-agent-base.git","node_modules/agent-base"
"server","agent-base","6.0.2","MIT","false","","git://github.com/TooTallNate/node-agent-base.git","server/node_modules/agent-base"
"client","ajv","6.15.0","MIT","false","https://github.com/ajv-validator/ajv","https://github.com/ajv-validator/ajv.git","node_modules/ajv"
"server","ajv","6.15.0","MIT","false","https://github.com/ajv-validator/ajv","https://github.com/ajv-validator/ajv.git","server/node_modules/ajv"
"client","ajv-formats","2.1.1","MIT","false","https://github.com/ajv-validator/ajv-formats#readme","git+https://github.com/ajv-validator/ajv-formats.git","node_modules/ajv-formats"
"client","ajv-keywords","3.5.2","MIT","false","https://github.com/epoberezkin/ajv-keywords#readme","git+https://github.com/epoberezkin/ajv-keywords.git","node_modules/ajv-keywords"
"client","ansi-colors","4.1.3","MIT","false","https://github.com/doowb/ansi-colors","doowb/ansi-colors","node_modules/ansi-colors"
"client","ansi-escapes","4.3.2","MIT","false","","sindresorhus/ansi-escapes","node_modules/ansi-escapes"
"server","ansi-escapes","3.2.0","MIT","false","","sindresorhus/ansi-escapes","server/node_modules/ansi-escapes"
"client","ansi-regex","5.0.1","MIT","false","","chalk/ansi-regex","node_modules/ansi-regex"
"server","ansi-regex","3.0.1","MIT","false","","chalk/ansi-regex","server/node_modules/ansi-regex"
"client","ansi-styles","4.3.0","MIT","false","","chalk/ansi-styles","node_modules/ansi-styles"
"server","ansi-styles","3.2.1","MIT","false","","chalk/ansi-styles","server/node_modules/ansi-styles"
"client","ansicolors","0.3.2","MIT","false","","git://github.com/thlorenz/ansicolors.git","node_modules/ansicolors"
"client","any-observable","0.2.0","MIT","false","","sindresorhus/any-observable","node_modules/any-observable"
"client","any-promise","1.3.0","MIT","false","http://github.com/kevinbeaty/any-promise","https://github.com/kevinbeaty/any-promise","node_modules/any-promise"
"client","apollo","2.34.0","MIT","false","https://github.com/apollographql/apollo-tooling","git+https://github.com/apollographql/apollo-tooling.git","node_modules/apollo"
"client","apollo-cache","1.3.5","MIT","false","https://github.com/apollographql/apollo-client#readme","git+https://github.com/apollographql/apollo-client.git","node_modules/apollo-cache"
"client","apollo-cache-control","0.15.0","MIT","false","","apollographql/apollo-cache-control-js","node_modules/apollo-cache-control"
"client","apollo-cache-inmemory","1.6.6","MIT","true","https://github.com/apollographql/apollo-client#readme","git+https://github.com/apollographql/apollo-client.git","node_modules/apollo-cache-inmemory"
"client","apollo-client","2.6.10","MIT","true","","apollographql/apollo-client","node_modules/apollo-client"
"client","apollo-codegen-core","0.40.9","MIT","false","https://github.com/apollographql/apollo-tooling","git+https://github.com/apollographql/apollo-tooling.git","node_modules/apollo-codegen-core"
"client","apollo-codegen-flow","0.38.9","MIT","false","https://github.com/apollographql/apollo-tooling","git+https://github.com/apollographql/apollo-tooling.git","node_modules/apollo-codegen-flow"
"client","apollo-codegen-scala","0.39.9","MIT","false","https://github.com/apollographql/apollo-tooling","git+https://github.com/apollographql/apollo-tooling.git","node_modules/apollo-codegen-scala"
"client","apollo-codegen-swift","0.40.9","MIT","false","https://github.com/apollographql/apollo-tooling","git+https://github.com/apollographql/apollo-tooling.git","node_modules/apollo-codegen-swift"
"client","apollo-codegen-typescript","0.40.9","MIT","false","https://github.com/apollographql/apollo-tooling","git+https://github.com/apollographql/apollo-tooling.git","node_modules/apollo-codegen-typescript"
"client","apollo-datasource","3.3.2","MIT","false","https://github.com/apollographql/apollo-server#readme","https://github.com/apollographql/apollo-server","node_modules/apollo-datasource"
"client","apollo-env","0.10.2","MIT","false","https://github.com/apollographql/apollo-tooling","git+https://github.com/apollographql/apollo-tooling.git","node_modules/apollo-env"
"server","apollo-errors","1.9.0","MIT","false","https://github.com/thebigredgeek/apollo-errors#readme","git+https://github.com/thebigredgeek/apollo-errors.git","server/node_modules/apollo-errors"
"client","apollo-graphql","0.9.7","MIT","false","","","node_modules/apollo-graphql"
"client","apollo-language-server","1.26.9","MIT","false","https://github.com/apollographql/apollo-tooling","git+https://github.com/apollographql/apollo-tooling.git","node_modules/apollo-language-server"
"client","apollo-link","1.2.14","MIT","true","https://github.com/apollographql/apollo-link#readme","git+https://github.com/apollographql/apollo-link.git","node_modules/apollo-link"
"client","apollo-link-context","1.0.20","MIT","true","https://github.com/apollographql/apollo-link#readme","git+https://github.com/apollographql/apollo-link.git","node_modules/apollo-link-context"
"client","apollo-link-error","1.1.13","MIT","false","https://github.com/apollographql/apollo-link#readme","git+https://github.com/apollographql/apollo-link.git","node_modules/apollo-link-error"
"client","apollo-link-http","1.5.17","MIT","true","https://github.com/apollographql/apollo-link#readme","git+https://github.com/apollographql/apollo-link.git","node_modules/apollo-link-http"
"client","apollo-link-http-common","0.2.16","MIT","false","https://github.com/apollographql/apollo-link#readme","git+https://github.com/apollographql/apollo-link.git","node_modules/apollo-link-http-common"
"client","apollo-link-persisted-queries","0.2.5","MIT","false","https://github.com/apollographql/apollo-link-persisted-queries#readme","git+https://github.com/apollographql/apollo-link-persisted-queries.git","node_modules/apollo-link-persisted-queries"
"client","apollo-link-retry","2.2.16","MIT","true","https://github.com/apollographql/apollo-link#readme","git+https://github.com/apollographql/apollo-link.git","node_modules/apollo-link-retry"
"client","apollo-link-state","0.4.2","MIT","false","https://github.com/apollographql/apollo-link-state#readme","git+https://github.com/apollographql/apollo-link-state.git","node_modules/apollo-link-state"
"client","apollo-link-ws","1.0.20","MIT","false","https://github.com/apollographql/apollo-link#readme","git+https://github.com/apollographql/apollo-link.git","node_modules/apollo-link-ws"
"client","apollo-reporting-protobuf","0.8.0","MIT","false","https://github.com/apollographql/apollo-server#readme","https://github.com/apollographql/apollo-server","node_modules/apollo-reporting-protobuf"
"client","apollo-server-caching","0.7.0","MIT","false","https://github.com/apollographql/apollo-server#readme","https://github.com/apollographql/apollo-server","node_modules/apollo-server-caching"
"client","apollo-server-core","2.26.2","MIT","false","https://github.com/apollographql/apollo-server#readme","https://github.com/apollographql/apollo-server","node_modules/apollo-server-core"
"client","apollo-server-env","4.2.1","MIT","false","https://github.com/apollographql/apollo-server#readme","https://github.com/apollographql/apollo-server","node_modules/apollo-server-env"
"client","apollo-server-errors","2.5.0","MIT","false","https://github.com/apollographql/apollo-server#readme","https://github.com/apollographql/apollo-server","node_modules/apollo-server-errors"
"client","apollo-server-express","2.26.2","MIT","false","https://github.com/apollographql/apollo-server#readme","https://github.com/apollographql/apollo-server","node_modules/apollo-server-express"
"client","apollo-server-plugin-base","0.14.0","MIT","false","","","node_modules/apollo-server-plugin-base"
"client","apollo-server-types","0.10.0","MIT","false","","","node_modules/apollo-server-types"
"client","apollo-tracing","0.16.0","MIT","false","","apollographql/apollo-tracing-js","node_modules/apollo-tracing"
"client","apollo-upload-client","11.0.0","MIT","true","https://github.com/jaydenseric/apollo-upload-client#readme","github:jaydenseric/apollo-upload-client","node_modules/apollo-upload-client"
"client","apollo-utilities","1.3.4","MIT","true","https://github.com/apollographql/apollo-client#readme","git+https://github.com/apollographql/apollo-client.git","node_modules/apollo-utilities"
"client","app-root-path","2.2.1","MIT","false","https://github.com/inxilpro/node-app-root-path","https://github.com/inxilpro/node-app-root-path.git","node_modules/app-root-path"
"client","arch","2.2.0","MIT","false","https://github.com/feross/arch","git://github.com/feross/arch.git","node_modules/arch"
"client","arg","4.1.3","MIT","false","","zeit/arg","node_modules/arg"
"server","arg","4.1.3","MIT","false","","zeit/arg","server/node_modules/arg"
"client","argparse","1.0.10","MIT","false","","nodeca/argparse","node_modules/argparse"
"server","argparse","1.0.10","MIT","false","","nodeca/argparse","server/node_modules/argparse"
"client","arr-diff","4.0.0","MIT","false","https://github.com/jonschlinkert/arr-diff","jonschlinkert/arr-diff","node_modules/arr-diff"
"client","arr-flatten","1.1.0","MIT","false","https://github.com/jonschlinkert/arr-flatten","jonschlinkert/arr-flatten","node_modules/arr-flatten"
"client","arr-union","3.1.0","MIT","false","https://github.com/jonschlinkert/arr-union","jonschlinkert/arr-union","node_modules/arr-union"
"client","array-buffer-byte-length","1.0.2","MIT","false","https://github.com/inspect-js/array-buffer-byte-length#readme","git+https://github.com/inspect-js/array-buffer-byte-length.git","node_modules/array-buffer-byte-length"
"server","array-buffer-byte-length","1.0.2","MIT","false","https://github.com/inspect-js/array-buffer-byte-length#readme","git+https://github.com/inspect-js/array-buffer-byte-length.git","server/node_modules/array-buffer-byte-length"
"client","array-flatten","1.1.1","MIT","false","https://github.com/blakeembrey/array-flatten","git://github.com/blakeembrey/array-flatten.git","node_modules/array-flatten"
"server","array-flatten","1.1.1","MIT","false","https://github.com/blakeembrey/array-flatten","git://github.com/blakeembrey/array-flatten.git","server/node_modules/array-flatten"
"client","array-union","2.1.0","MIT","false","","sindresorhus/array-union","node_modules/array-union"
"client","array-unique","0.3.2","MIT","false","https://github.com/jonschlinkert/array-unique","jonschlinkert/array-unique","node_modules/array-unique"
"client","array.prototype.reduce","1.0.8","MIT","false","https://github.com/es-shims/Array.prototype.reduce#readme","git+https://github.com/es-shims/Array.prototype.reduce.git","node_modules/array.prototype.reduce"
"client","arraybuffer.prototype.slice","1.0.4","MIT","false","https://github.com/es-shims/ArrayBuffer.prototype.slice#readme","git+https://github.com/es-shims/ArrayBuffer.prototype.slice.git","node_modules/arraybuffer.prototype.slice"
"server","arraybuffer.prototype.slice","1.0.4","MIT","false","https://github.com/es-shims/ArrayBuffer.prototype.slice#readme","git+https://github.com/es-shims/ArrayBuffer.prototype.slice.git","server/node_modules/arraybuffer.prototype.slice"
"server","asn1","0.2.6","MIT","false","","https://github.com/joyent/node-asn1.git","server/node_modules/asn1"
"server","assert","1.5.1","MIT","false","https://github.com/browserify/commonjs-assert","git://github.com/browserify/commonjs-assert.git","server/node_modules/assert"
"server","assert-plus","1.0.0","MIT","false","","https://github.com/mcavage/node-assert-plus.git","server/node_modules/assert-plus"
"client","assign-symbols","1.0.0","MIT","false","https://github.com/jonschlinkert/assign-symbols","jonschlinkert/assign-symbols","node_modules/assign-symbols"
"client","ast-types","0.14.2","MIT","false","http://github.com/benjamn/ast-types","git://github.com/benjamn/ast-types.git","node_modules/ast-types"
"client","astral-regex","2.0.0","MIT","false","","kevva/astral-regex","node_modules/astral-regex"
"server","astral-regex","1.0.0","MIT","false","","kevva/astral-regex","server/node_modules/astral-regex"
"client","async","3.2.6","MIT","false","https://caolan.github.io/async/","https://github.com/caolan/async.git","node_modules/async"
"client","async-each","1.0.6","MIT","false","https://github.com/paulmillr/async-each/","git+https://github.com/paulmillr/async-each.git","node_modules/async-each"
"client","async-function","1.0.0","MIT","false","https://github.com/ljharb/async-function#readme","git+https://github.com/ljharb/async-function.git","node_modules/async-function"
"server","async-function","1.0.0","MIT","false","https://github.com/ljharb/async-function#readme","git+https://github.com/ljharb/async-function.git","server/node_modules/async-function"
"client","async-retry","1.3.3","MIT","false","","vercel/async-retry","node_modules/async-retry"
"server","async-retry","1.3.3","MIT","false","","vercel/async-retry","server/node_modules/async-retry"
"client","asynckit","0.4.0","MIT","false","https://github.com/alexindigo/asynckit#readme","git+https://github.com/alexindigo/asynckit.git","node_modules/asynckit"
"server","asynckit","0.4.0","MIT","false","https://github.com/alexindigo/asynckit#readme","git+https://github.com/alexindigo/asynckit.git","server/node_modules/asynckit"
"client","autolinker","4.1.5","MIT","false","https://github.com/gregjacobs/Autolinker.js","git://github.com/gregjacobs/Autolinker.js.git","node_modules/autolinker"
"client","autoprefixer","10.5.0","MIT","false","","postcss/autoprefixer","node_modules/autoprefixer"
"client","available-typed-arrays","1.0.7","MIT","false","https://github.com/inspect-js/available-typed-arrays#readme","git+https://github.com/inspect-js/available-typed-arrays.git","node_modules/available-typed-arrays"
"server","available-typed-arrays","1.0.7","MIT","false","https://github.com/inspect-js/available-typed-arrays#readme","git+https://github.com/inspect-js/available-typed-arrays.git","server/node_modules/available-typed-arrays"
"client","await-to-js","3.0.0","MIT","false","https://github.com/scopsy/await-to-js#readme","git+https://github.com/scopsy/await-to-js.git","node_modules/await-to-js"
"server","aws4","1.13.2","MIT","false","","github:mhart/aws4","server/node_modules/aws4"
"client","axios","1.16.1","MIT","true","https://axios-http.com","https://github.com/axios/axios.git","node_modules/axios"
"server","axios","1.16.1","MIT","true","https://axios-http.com","https://github.com/axios/axios.git","server/node_modules/axios"
"client","babel-code-frame","6.26.0","MIT","false","https://babeljs.io/","https://github.com/babel/babel/tree/master/packages/babel-code-frame","node_modules/babel-code-frame"
"client","babel-core","7.0.0-bridge.0","MIT","true","","","node_modules/babel-core"
"client","babel-eslint","10.1.0","MIT","true","https://github.com/babel/babel-eslint","https://github.com/babel/babel-eslint.git","node_modules/babel-eslint"
"client","babel-jest","27.5.1","MIT","true","","https://github.com/facebook/jest.git","node_modules/babel-jest"
"server","babel-jest","29.7.0","MIT","false","","https://github.com/jestjs/jest.git","server/node_modules/babel-jest"
"client","babel-loader","8.4.1","MIT","false","https://github.com/babel/babel-loader","https://github.com/babel/babel-loader.git","node_modules/babel-loader"
"client","babel-messages","6.23.0","MIT","false","https://babeljs.io/","https://github.com/babel/babel/tree/master/packages/babel-messages","node_modules/babel-messages"
"client","babel-plugin-dynamic-import-node","2.3.3","MIT","false","https://github.com/airbnb/babel-plugin-dynamic-import-node#readme","git+https://github.com/airbnb/babel-plugin-dynamic-import-node.git","node_modules/babel-plugin-dynamic-import-node"
"client","babel-plugin-jest-hoist","27.5.1","MIT","false","","https://github.com/facebook/jest.git","node_modules/babel-plugin-jest-hoist"
"server","babel-plugin-jest-hoist","29.6.3","MIT","false","","https://github.com/jestjs/jest.git","server/node_modules/babel-plugin-jest-hoist"
"client","babel-plugin-polyfill-corejs2","0.4.17","MIT","false","","https://github.com/babel/babel-polyfills.git","node_modules/babel-plugin-polyfill-corejs2"
"client","babel-plugin-polyfill-corejs3","0.13.0","MIT","false","","https://github.com/babel/babel-polyfills.git","node_modules/babel-plugin-polyfill-corejs3"
"client","babel-plugin-polyfill-regenerator","0.6.8","MIT","false","","https://github.com/babel/babel-polyfills.git","node_modules/babel-plugin-polyfill-regenerator"
"client","babel-plugin-transform-es2015-modules-commonjs","6.26.2","MIT","false","","https://github.com/babel/babel/tree/master/packages/babel-plugin-transform-es2015-modules-commonjs","node_modules/babel-plugin-transform-es2015-modules-commonjs"
"client","babel-plugin-transform-strict-mode","6.24.1","MIT","false","","https://github.com/babel/babel/tree/master/packages/babel-plugin-transform-strict-mode","node_modules/babel-plugin-transform-strict-mode"
"client","babel-preset-current-node-syntax","1.2.0","MIT","false","","https://github.com/nicolo-ribaudo/babel-preset-current-node-syntax.git","node_modules/babel-preset-current-node-syntax"
"server","babel-preset-current-node-syntax","1.2.0","MIT","false","","https://github.com/nicolo-ribaudo/babel-preset-current-node-syntax.git","server/node_modules/babel-preset-current-node-syntax"
"client","babel-preset-jest","27.5.1","MIT","false","","https://github.com/facebook/jest.git","node_modules/babel-preset-jest"
"server","babel-preset-jest","29.6.3","MIT","false","","https://github.com/jestjs/jest.git","server/node_modules/babel-preset-jest"
"client","babel-runtime","6.26.0","MIT","false","","https://github.com/babel/babel/tree/master/packages/babel-runtime","node_modules/babel-runtime"
"client","babel-template","6.26.0","MIT","false","https://babeljs.io/","https://github.com/babel/babel/tree/master/packages/babel-template","node_modules/babel-template"
"client","babel-traverse","6.26.0","MIT","false","https://babeljs.io/","https://github.com/babel/babel/tree/master/packages/babel-traverse","node_modules/babel-traverse"
"client","babel-types","6.26.0","MIT","false","https://babeljs.io/","https://github.com/babel/babel/tree/master/packages/babel-types","node_modules/babel-types"
"client","babylon","6.18.0","MIT","false","https://babeljs.io/","https://github.com/babel/babylon","node_modules/babylon"
"client","backo2","1.0.2","MIT","false","","mokesmokes/backo","node_modules/backo2"
"client","balanced-match","1.0.2","MIT","false","https://github.com/juliangruber/balanced-match","git://github.com/juliangruber/balanced-match.git","node_modules/balanced-match"
"server","balanced-match","1.0.2","MIT","false","https://github.com/juliangruber/balanced-match","git://github.com/juliangruber/balanced-match.git","server/node_modules/balanced-match"
"client","base","0.11.2","MIT","false","https://github.com/node-base/base","node-base/base","node_modules/base"
"client","base64-js","1.5.1","MIT","false","https://github.com/beatgammit/base64-js","git://github.com/beatgammit/base64-js.git","node_modules/base64-js"
"server","base64-js","1.5.1","MIT","false","https://github.com/beatgammit/base64-js","git://github.com/beatgammit/base64-js.git","server/node_modules/base64-js"
"client","batch","0.6.1","MIT","false","","https://github.com/visionmedia/batch.git","node_modules/batch"
"server","bcryptjs","2.4.3","MIT","true","","https://github.com/dcodeIO/bcrypt.js.git","server/node_modules/bcryptjs"
"client","big.js","5.2.2","MIT","false","","https://github.com/MikeMcl/big.js.git","node_modules/big.js"
"client","binary-extensions","2.3.0","MIT","false","","sindresorhus/binary-extensions","node_modules/binary-extensions"
"server","binary-extensions","2.3.0","MIT","false","","sindresorhus/binary-extensions","server/node_modules/binary-extensions"
"client","bindings","1.5.0","MIT","false","https://github.com/TooTallNate/node-bindings","git://github.com/TooTallNate/node-bindings.git","node_modules/bindings"
"client","bitmap-sdf","1.0.4","MIT","false","https://github.com/dfcreative/bitmap-sdf#readme","git+https://github.com/dfcreative/bitmap-sdf.git","node_modules/bitmap-sdf"
"client","bl","4.1.0","MIT","false","https://github.com/rvagg/bl","https://github.com/rvagg/bl.git","node_modules/bl"
"client","bluebird","3.7.2","MIT","false","https://github.com/petkaantonov/bluebird","git://github.com/petkaantonov/bluebird.git","node_modules/bluebird"
"client","body-parser","1.20.5","MIT","false","","expressjs/body-parser","node_modules/body-parser"
"server","body-parser","1.20.5","MIT","false","","expressjs/body-parser","server/node_modules/body-parser"
"client","bonjour-service","1.4.0","MIT","false","https://github.com/onlxltd/bonjour-service","https://github.com/onlxltd/bonjour-service.git","node_modules/bonjour-service"
"client","boolean","3.2.0","MIT","false","","git://github.com/thenativeweb/boolean.git","node_modules/boolean"
"server","bowser","2.14.1","MIT","false","https://github.com/bowser-js/bowser","git+https://github.com/bowser-js/bowser.git","server/node_modules/bowser"
"client","boxen","1.3.0","MIT","false","","sindresorhus/boxen","node_modules/boxen"
"client","brace-expansion","1.1.14","MIT","false","https://github.com/juliangruber/brace-expansion","git://github.com/juliangruber/brace-expansion.git","node_modules/brace-expansion"
"server","brace-expansion","1.1.14","MIT","false","https://github.com/juliangruber/brace-expansion","git://github.com/juliangruber/brace-expansion.git","server/node_modules/brace-expansion"
"client","braces","3.0.3","MIT","false","https://github.com/micromatch/braces","micromatch/braces","node_modules/braces"
"server","braces","3.0.3","MIT","false","https://github.com/micromatch/braces","micromatch/braces","server/node_modules/braces"
"server","brotli","1.3.3","MIT","false","https://github.com/devongovett/brotli.js","https://github.com/devongovett/brotli.js.git","server/node_modules/brotli"
"server","browserify-zlib","0.2.0","MIT","false","https://github.com/devongovett/browserify-zlib","git+https://github.com/devongovett/browserify-zlib.git","server/node_modules/browserify-zlib"
"client","browserslist","4.28.2","MIT","false","","browserslist/browserslist","node_modules/browserslist"
"server","browserslist","4.28.2","MIT","false","","browserslist/browserslist","server/node_modules/browserslist"
"client","buefy","0.8.20","MIT","true","https://buefy.org","https://github.com/buefy/buefy.git","node_modules/buefy"
"client","buffer","5.7.1","MIT","false","https://github.com/feross/buffer","git://github.com/feross/buffer.git","node_modules/buffer"
"client","buffer-from","1.1.2","MIT","false","","LinusU/buffer-from","node_modules/buffer-from"
"server","buffer-from","1.1.2","MIT","false","","LinusU/buffer-from","server/node_modules/buffer-from"
"client","buffer-json","2.0.0","MIT","false","https://github.com/jprichardson/buffer-json#readme","git+https://github.com/jprichardson/buffer-json.git","node_modules/buffer-json"
"server","bull","4.16.5","MIT","true","","git://github.com/OptimalBits/bull.git","server/node_modules/bull"
"client","bulma","0.9.4","MIT","true","https://bulma.io","git+https://github.com/jgthms/bulma.git","node_modules/bulma"
"client","bulma-extensions","2.2.2","MIT","true","https://github.com/Wikiki/bulma-extensions#readme","https://github.com/Wikiki/bulma-extensions.git","node_modules/bulma-extensions"
"client","busboy","0.3.1","MIT","false","","http://github.com/mscdex/busboy.git","node_modules/busboy"
"client","byline","5.0.0","MIT","false","https://github.com/jahewson/node-byline","https://github.com/jahewson/node-byline","node_modules/byline"
"client","bytes","3.1.2","MIT","false","","visionmedia/bytes.js","node_modules/bytes"
"server","bytes","3.1.2","MIT","false","","visionmedia/bytes.js","server/node_modules/bytes"
"server","c12","3.1.0","MIT","false","","unjs/c12","server/node_modules/c12"
"client","cache-base","1.0.1","MIT","false","https://github.com/jonschlinkert/cache-base","jonschlinkert/cache-base","node_modules/cache-base"
"client","cache-loader","4.1.0","MIT","true","https://github.com/webpack-contrib/cache-loader","webpack-contrib/cache-loader","node_modules/cache-loader"
"client","call-bind","1.0.9","MIT","false","https://github.com/ljharb/call-bind#readme","git+https://github.com/ljharb/call-bind.git","node_modules/call-bind"
"server","call-bind","1.0.9","MIT","false","https://github.com/ljharb/call-bind#readme","git+https://github.com/ljharb/call-bind.git","server/node_modules/call-bind"
"client","call-bind-apply-helpers","1.0.2","MIT","false","https://github.com/ljharb/call-bind-apply-helpers#readme","git+https://github.com/ljharb/call-bind-apply-helpers.git","node_modules/call-bind-apply-helpers"
"server","call-bind-apply-helpers","1.0.2","MIT","false","https://github.com/ljharb/call-bind-apply-helpers#readme","git+https://github.com/ljharb/call-bind-apply-helpers.git","server/node_modules/call-bind-apply-helpers"
"client","call-bound","1.0.4","MIT","false","https://github.com/ljharb/call-bound#readme","git+https://github.com/ljharb/call-bound.git","node_modules/call-bound"
"server","call-bound","1.0.4","MIT","false","https://github.com/ljharb/call-bound#readme","git+https://github.com/ljharb/call-bound.git","server/node_modules/call-bound"
"client","callsites","3.1.0","MIT","false","","sindresorhus/callsites","node_modules/callsites"
"server","callsites","3.1.0","MIT","false","","sindresorhus/callsites","server/node_modules/callsites"
"client","camel-case","4.1.2","MIT","false","https://github.com/blakeembrey/change-case/tree/master/packages/camel-case#readme","git://github.com/blakeembrey/change-case.git","node_modules/camel-case"
"client","camelcase","5.3.1","MIT","false","","sindresorhus/camelcase","node_modules/camelcase"
"server","camelcase","5.3.1","MIT","false","","sindresorhus/camelcase","server/node_modules/camelcase"
"client","caniuse-api","3.0.0","MIT","false","","https://github.com/nyalab/caniuse-api.git","node_modules/caniuse-api"
"client","capital-case","1.0.4","MIT","false","https://github.com/blakeembrey/change-case/tree/master/packages/capital-case#readme","git://github.com/blakeembrey/change-case.git","node_modules/capital-case"
"client","capture-stack-trace","1.0.2","MIT","false","","sindresorhus/capture-stack-trace","node_modules/capture-stack-trace"
"client","cardinal","2.1.1","MIT","false","","git://github.com/thlorenz/cardinal.git","node_modules/cardinal"
"client","case-sensitive-paths-webpack-plugin","2.4.0","MIT","false","https://github.com/Urthen/case-sensitive-paths-webpack-plugin#readme","git+https://github.com/Urthen/case-sensitive-paths-webpack-plugin.git","node_modules/case-sensitive-paths-webpack-plugin"
"client","chalk","3.0.0","MIT","false","","chalk/chalk","node_modules/chalk"
"server","chalk","2.4.2","MIT","false","","chalk/chalk","server/node_modules/chalk"
"client","change-case","4.1.2","MIT","false","https://github.com/blakeembrey/change-case/tree/master/packages/camel-case#readme","git://github.com/blakeembrey/change-case.git","node_modules/change-case"
"client","char-regex","1.0.2","MIT","false","","https://github.com/Richienb/char-regex.git","node_modules/char-regex"
"server","char-regex","1.0.2","MIT","false","","https://github.com/Richienb/char-regex.git","server/node_modules/char-regex"
"server","chardet","0.7.0","MIT","false","https://github.com/runk/node-chardet","git@github.com:runk/node-chardet.git","server/node_modules/chardet"
"client","chokidar","3.6.0","MIT","false","https://github.com/paulmillr/chokidar","git+https://github.com/paulmillr/chokidar.git","node_modules/chokidar"
"server","chokidar","3.6.0","MIT","false","https://github.com/paulmillr/chokidar","git+https://github.com/paulmillr/chokidar.git","server/node_modules/chokidar"
"client","chrome-trace-event","1.0.4","MIT","false","","github:samccone/chrome-trace-event","node_modules/chrome-trace-event"
"client","ci-info","3.9.0","MIT","false","https://github.com/watson/ci-info","https://github.com/watson/ci-info.git","node_modules/ci-info"
"server","ci-info","3.9.0","MIT","false","https://github.com/watson/ci-info","https://github.com/watson/ci-info.git","server/node_modules/ci-info"
"client","circular-json","0.5.9","MIT","false","https://github.com/WebReflection/circular-json","git://github.com/WebReflection/circular-json.git","node_modules/circular-json"
"server","citty","0.1.6","MIT","false","","unjs/citty","server/node_modules/citty"
"client","cjs-module-lexer","1.4.3","MIT","false","https://github.com/nodejs/cjs-module-lexer#readme","git+https://github.com/nodejs/cjs-module-lexer.git","node_modules/cjs-module-lexer"
"server","cjs-module-lexer","1.4.3","MIT","false","https://github.com/nodejs/cjs-module-lexer#readme","git+https://github.com/nodejs/cjs-module-lexer.git","server/node_modules/cjs-module-lexer"
"client","class-utils","0.3.6","MIT","false","https://github.com/jonschlinkert/class-utils","jonschlinkert/class-utils","node_modules/class-utils"
"client","clean-css","5.3.3","MIT","false","https://github.com/clean-css/clean-css","https://github.com/clean-css/clean-css.git","node_modules/clean-css"
"client","clean-stack","3.0.1","MIT","false","","sindresorhus/clean-stack","node_modules/clean-stack"
"client","cli-boxes","1.0.0","MIT","false","","sindresorhus/cli-boxes","node_modules/cli-boxes"
"client","cli-cursor","1.0.2","MIT","false","","sindresorhus/cli-cursor","node_modules/cli-cursor"
"server","cli-cursor","2.1.0","MIT","false","","sindresorhus/cli-cursor","server/node_modules/cli-cursor"
"client","cli-progress","3.12.0","MIT","false","https://github.com/npkgz/cli-progress","npkgz/cli-progress","node_modules/cli-progress"
"client","cli-spinners","2.9.2","MIT","false","","sindresorhus/cli-spinners","node_modules/cli-spinners"
"client","cli-truncate","0.2.1","MIT","false","","sindresorhus/cli-truncate","node_modules/cli-truncate"
"client","cli-ux","6.0.9","MIT","false","https://github.com/oclif/cli-ux","oclif/cli-ux","node_modules/cli-ux"
"client","clipboard","2.0.11","MIT","false","https://clipboardjs.com","zenorocha/clipboard.js","node_modules/clipboard"
"client","clipboardy","2.3.0","MIT","false","","sindresorhus/clipboardy","node_modules/clipboardy"
"client","clone","2.1.2","MIT","false","","git://github.com/pvorb/node-clone.git","node_modules/clone"
"server","clone","1.0.4","MIT","false","","git://github.com/pvorb/node-clone.git","server/node_modules/clone"
"client","clone-deep","4.0.1","MIT","false","https://github.com/jonschlinkert/clone-deep","jonschlinkert/clone-deep","node_modules/clone-deep"
"client","co","4.6.0","MIT","false","","tj/co","node_modules/co"
"server","co","4.6.0","MIT","false","","tj/co","server/node_modules/co"
"client","code-point-at","1.1.0","MIT","false","","sindresorhus/code-point-at","node_modules/code-point-at"
"server","code-point-at","1.1.0","MIT","false","","sindresorhus/code-point-at","server/node_modules/code-point-at"
"client","collect-v8-coverage","1.0.3","MIT","false","","SimenB/collect-v8-coverage","node_modules/collect-v8-coverage"
"server","collect-v8-coverage","1.0.3","MIT","false","","SimenB/collect-v8-coverage","server/node_modules/collect-v8-coverage"
"client","collection-visit","1.0.0","MIT","false","https://github.com/jonschlinkert/collection-visit","jonschlinkert/collection-visit","node_modules/collection-visit"
"client","color-convert","2.0.1","MIT","false","","Qix-/color-convert","node_modules/color-convert"
"server","color-convert","1.9.3","MIT","false","","Qix-/color-convert","server/node_modules/color-convert"
"client","color-name","1.1.4","MIT","false","https://github.com/colorjs/color-name","git@github.com:colorjs/color-name.git","node_modules/color-name"
"server","color-name","1.1.3","MIT","false","https://github.com/dfcreative/color-name","git@github.com:dfcreative/color-name.git","server/node_modules/color-name"
"client","colord","2.9.3","MIT","false","","omgovich/colord","node_modules/colord"
"client","colorette","2.0.20","MIT","false","","jorgebucaran/colorette","node_modules/colorette"
"client","colors","1.0.3","MIT","false","https://github.com/Marak/colors.js","http://github.com/Marak/colors.js.git","node_modules/colors"
"client","combined-stream","1.0.8","MIT","false","https://github.com/felixge/node-combined-stream","git://github.com/felixge/node-combined-stream.git","node_modules/combined-stream"
"server","combined-stream","1.0.8","MIT","false","https://github.com/felixge/node-combined-stream","git://github.com/felixge/node-combined-stream.git","server/node_modules/combined-stream"
"client","commander","8.3.0","MIT","false","","https://github.com/tj/commander.js.git","node_modules/commander"
"client","common-tags","1.8.2","MIT","false","https://github.com/zspecza/common-tags","https://github.com/zspecza/common-tags","node_modules/common-tags"
"client","commondir","1.0.1","MIT","false","","http://github.com/substack/node-commondir.git","node_modules/commondir"
"client","component-emitter","1.3.1","MIT","false","","https://github.com/sindresorhus/component-emitter.git","node_modules/component-emitter"
"client","compressible","2.0.18","MIT","false","","jshttp/compressible","node_modules/compressible"
"client","compression","1.8.1","MIT","false","","expressjs/compression","node_modules/compression"
"client","concat-map","0.0.1","MIT","false","","git://github.com/substack/node-concat-map.git","node_modules/concat-map"
"server","concat-map","0.0.1","MIT","false","","git://github.com/substack/node-concat-map.git","server/node_modules/concat-map"
"client","condense-newlines","0.2.1","MIT","false","https://github.com/jonschlinkert/condense-newlines","jonschlinkert/condense-newlines","node_modules/condense-newlines"
"server","confbox","0.2.4","MIT","false","","unjs/confbox","server/node_modules/confbox"
"client","connect-history-api-fallback","2.0.0","MIT","false","","http://github.com/bripkens/connect-history-api-fallback.git","node_modules/connect-history-api-fallback"
"server","consola","3.4.2","MIT","false","","unjs/consola","server/node_modules/consola"
"client","consolidate","0.15.1","MIT","false","https://github.com/tj/consolidate.js","tj/consolidate.js","node_modules/consolidate"
"client","constant-case","3.0.4","MIT","false","https://github.com/blakeembrey/change-case/tree/master/packages/constant-case#readme","git://github.com/blakeembrey/change-case.git","node_modules/constant-case"
"client","content-disposition","0.5.4","MIT","false","","jshttp/content-disposition","node_modules/content-disposition"
"server","content-disposition","0.5.4","MIT","false","","jshttp/content-disposition","server/node_modules/content-disposition"
"client","content-type","1.0.5","MIT","false","","jshttp/content-type","node_modules/content-type"
"server","content-type","1.0.5","MIT","false","","jshttp/content-type","server/node_modules/content-type"
"client","convert-source-map","2.0.0","MIT","false","https://github.com/thlorenz/convert-source-map","git://github.com/thlorenz/convert-source-map.git","node_modules/convert-source-map"
"server","convert-source-map","2.0.0","MIT","false","https://github.com/thlorenz/convert-source-map","git://github.com/thlorenz/convert-source-map.git","server/node_modules/convert-source-map"
"client","cookie","0.7.2","MIT","false","","jshttp/cookie","node_modules/cookie"
"server","cookie","0.7.2","MIT","false","","jshttp/cookie","server/node_modules/cookie"
"client","cookie-signature","1.0.7","MIT","false","","https://github.com/visionmedia/node-cookie-signature.git","node_modules/cookie-signature"
"server","cookie-signature","1.0.7","MIT","false","","https://github.com/visionmedia/node-cookie-signature.git","server/node_modules/cookie-signature"
"client","copy-descriptor","0.1.1","MIT","false","https://github.com/jonschlinkert/copy-descriptor","jonschlinkert/copy-descriptor","node_modules/copy-descriptor"
"client","copy-webpack-plugin","9.1.0","MIT","false","https://github.com/webpack-contrib/copy-webpack-plugin","webpack-contrib/copy-webpack-plugin","node_modules/copy-webpack-plugin"
"client","core-js","3.49.0","MIT","true","https://core-js.io","git+https://github.com/zloirock/core-js.git","node_modules/core-js"
"client","core-js-compat","3.49.0","MIT","false","https://core-js.io","git+https://github.com/zloirock/core-js.git","node_modules/core-js-compat"
"client","core-js-pure","3.49.0","MIT","false","https://core-js.io","git+https://github.com/zloirock/core-js.git","node_modules/core-js-pure"
"client","core-util-is","1.0.3","MIT","false","","git://github.com/isaacs/core-util-is","node_modules/core-util-is"
"server","core-util-is","1.0.2","MIT","false","","git://github.com/isaacs/core-util-is","server/node_modules/core-util-is"
"client","cors","2.8.6","MIT","false","","expressjs/cors","node_modules/cors"
"server","cors","2.8.6","MIT","true","","expressjs/cors","server/node_modules/cors"
"client","corser","2.0.1","MIT","false","","https://github.com/agrueneberg/Corser.git","node_modules/corser"
"client","cosmiconfig","4.0.0","MIT","false","https://github.com/davidtheclark/cosmiconfig#readme","git+https://github.com/davidtheclark/cosmiconfig.git","node_modules/cosmiconfig"
"client","create-error-class","3.0.2","MIT","false","","floatdrop/create-error-class","node_modules/create-error-class"
"server","create-jest","29.7.0","MIT","false","","https://github.com/jestjs/jest.git","server/node_modules/create-jest"
"client","create-require","1.1.1","MIT","false","","nuxt-contrib/create-require","node_modules/create-require"
"server","create-require","1.1.1","MIT","false","","nuxt-contrib/create-require","server/node_modules/create-require"
"server","cron-parser","4.9.0","MIT","false","","https://github.com/harrisiirak/cron-parser.git","server/node_modules/cron-parser"
"server","cross-inspect","1.0.1","MIT","false","","ardatan/graphql-tools","server/node_modules/cross-inspect"
"client","cross-spawn","7.0.6","MIT","false","https://github.com/moxystudio/node-cross-spawn","git@github.com:moxystudio/node-cross-spawn.git","node_modules/cross-spawn"
"server","cross-spawn","6.0.6","MIT","false","https://github.com/moxystudio/node-cross-spawn","git@github.com:moxystudio/node-cross-spawn.git","server/node_modules/cross-spawn"
"server","crypto-js","4.2.0","MIT","false","http://github.com/brix/crypto-js","http://github.com/brix/crypto-js.git","server/node_modules/crypto-js"
"client","crypto-random-string","1.0.0","MIT","false","","sindresorhus/crypto-random-string","node_modules/crypto-random-string"
"client","css","2.2.4","MIT","false","","https://github.com/reworkcss/css.git","node_modules/css"
"client","css-loader","6.11.0","MIT","false","https://github.com/webpack-contrib/css-loader","webpack-contrib/css-loader","node_modules/css-loader"
"client","css-minimizer-webpack-plugin","3.4.1","MIT","false","https://github.com/webpack-contrib/css-minimizer-webpack-plugin","webpack-contrib/css-minimizer-webpack-plugin","node_modules/css-minimizer-webpack-plugin"
"client","css-tree","1.1.3","MIT","false","","csstree/csstree","node_modules/css-tree"
"client","cssesc","3.0.0","MIT","false","https://mths.be/cssesc","https://github.com/mathiasbynens/cssesc.git","node_modules/cssesc"
"client","cssfilter","0.0.10","MIT","false","https://github.com/leizongmin/js-css-filter","https://github.com/leizongmin/js-css-filter.git","node_modules/cssfilter"
"client","cssnano","5.1.15","MIT","false","https://github.com/cssnano/cssnano","cssnano/cssnano","node_modules/cssnano"
"client","cssnano-preset-default","5.2.14","MIT","false","https://github.com/cssnano/cssnano","cssnano/cssnano","node_modules/cssnano-preset-default"
"client","cssnano-utils","3.1.0","MIT","false","https://github.com/cssnano/cssnano","cssnano/cssnano","node_modules/cssnano-utils"
"client","csso","4.2.0","MIT","false","https://github.com/css/csso","css/csso","node_modules/csso"
"client","cssom","0.4.4","MIT","false","","NV/CSSOM","node_modules/cssom"
"client","cssstyle","2.3.0","MIT","false","https://github.com/jsdom/cssstyle","jsdom/cssstyle","node_modules/cssstyle"
"client","csstype","3.2.3","MIT","false","","https://github.com/frenic/csstype","node_modules/csstype"
"server","dashdash","1.14.1","MIT","false","","git://github.com/trentm/node-dashdash.git","server/node_modules/dashdash"
"client","data-urls","2.0.0","MIT","false","","jsdom/data-urls","node_modules/data-urls"
"client","data-view-buffer","1.0.2","MIT","false","https://github.com/inspect-js/data-view-buffer#readme","git+https://github.com/inspect-js/data-view-buffer.git","node_modules/data-view-buffer"
"server","data-view-buffer","1.0.2","MIT","false","https://github.com/inspect-js/data-view-buffer#readme","git+https://github.com/inspect-js/data-view-buffer.git","server/node_modules/data-view-buffer"
"client","data-view-byte-length","1.0.2","MIT","false","https://github.com/inspect-js/data-view-byte-length#readme","git+https://github.com/inspect-js/data-view-byte-length.git","node_modules/data-view-byte-length"
"server","data-view-byte-length","1.0.2","MIT","false","https://github.com/inspect-js/data-view-byte-length#readme","git+https://github.com/inspect-js/data-view-byte-length.git","server/node_modules/data-view-byte-length"
"client","data-view-byte-offset","1.0.1","MIT","false","https://github.com/inspect-js/data-view-byte-offset#readme","git+https://github.com/inspect-js/data-view-byte-offset.git","node_modules/data-view-byte-offset"
"server","data-view-byte-offset","1.0.1","MIT","false","https://github.com/inspect-js/data-view-byte-offset#readme","git+https://github.com/inspect-js/data-view-byte-offset.git","server/node_modules/data-view-byte-offset"
"client","date-fns","1.30.1","MIT","false","","https://github.com/date-fns/date-fns","node_modules/date-fns"
"client","de-indent","1.0.2","MIT","false","https://github.com/yyx990803/de-indent#readme","git+https://github.com/yyx990803/de-indent.git","node_modules/de-indent"
"client","deasync","0.1.31","MIT","false","https://github.com/abbr/deasync","https://github.com/abbr/deasync.git","node_modules/deasync"
"client","debounce","1.2.1","MIT","false","","git://github.com/component/debounce","node_modules/debounce"
"client","debug","4.4.3","MIT","false","","git://github.com/debug-js/debug.git","node_modules/debug"
"server","debug","2.6.9","MIT","false","","git://github.com/visionmedia/debug.git","server/node_modules/debug"
"client","decimal.js","10.6.0","MIT","false","","https://github.com/MikeMcl/decimal.js.git","node_modules/decimal.js"
"client","decode-uri-component","0.2.2","MIT","false","","SamVerschueren/decode-uri-component","node_modules/decode-uri-component"
"client","dedent","0.7.0","MIT","false","https://github.com/dmnd/dedent","git://github.com/dmnd/dedent.git","node_modules/dedent"
"server","dedent","1.7.2","MIT","false","https://github.com/dmnd/dedent","https://github.com/dmnd/dedent","server/node_modules/dedent"
"server","deep-equal","1.1.2","MIT","false","","http://github.com/inspect-js/node-deep-equal.git","server/node_modules/deep-equal"
"client","deep-extend","0.6.0","MIT","false","https://github.com/unclechu/node-deep-extend","git://github.com/unclechu/node-deep-extend.git","node_modules/deep-extend"
"server","deep-extend","0.6.0","MIT","false","https://github.com/unclechu/node-deep-extend","git://github.com/unclechu/node-deep-extend.git","server/node_modules/deep-extend"
"client","deep-is","0.1.4","MIT","false","","http://github.com/thlorenz/deep-is.git","node_modules/deep-is"
"server","deep-is","0.1.4","MIT","false","","http://github.com/thlorenz/deep-is.git","server/node_modules/deep-is"
"client","deepmerge","4.3.1","MIT","false","https://github.com/TehShrike/deepmerge","git://github.com/TehShrike/deepmerge.git","node_modules/deepmerge"
"server","deepmerge","4.2.2","MIT","false","https://github.com/TehShrike/deepmerge","git://github.com/TehShrike/deepmerge.git","server/node_modules/deepmerge"
"client","defaults","1.0.4","MIT","false","","git://github.com/sindresorhus/node-defaults.git","node_modules/defaults"
"client","define-data-property","1.1.4","MIT","false","https://github.com/ljharb/define-data-property#readme","git+https://github.com/ljharb/define-data-property.git","node_modules/define-data-property"
"server","define-data-property","1.1.4","MIT","false","https://github.com/ljharb/define-data-property#readme","git+https://github.com/ljharb/define-data-property.git","server/node_modules/define-data-property"
"client","define-lazy-prop","2.0.0","MIT","false","","sindresorhus/define-lazy-prop","node_modules/define-lazy-prop"
"client","define-properties","1.2.1","MIT","false","","git://github.com/ljharb/define-properties.git","node_modules/define-properties"
"server","define-properties","1.2.1","MIT","false","","git://github.com/ljharb/define-properties.git","server/node_modules/define-properties"
"client","define-property","0.2.5","MIT","false","https://github.com/jonschlinkert/define-property","jonschlinkert/define-property","node_modules/define-property"
"server","defu","6.1.7","MIT","false","","unjs/defu","server/node_modules/defu"
"client","delayed-stream","1.0.0","MIT","false","https://github.com/felixge/node-delayed-stream","git://github.com/felixge/node-delayed-stream.git","node_modules/delayed-stream"
"server","delayed-stream","1.0.0","MIT","false","https://github.com/felixge/node-delayed-stream","git://github.com/felixge/node-delayed-stream.git","server/node_modules/delayed-stream"
"client","delegate","3.2.0","MIT","false","","zenorocha/delegate","node_modules/delegate"
"server","delegates","1.0.0","MIT","false","","visionmedia/node-delegates","server/node_modules/delegates"
"client","depd","2.0.0","MIT","false","","dougwilson/nodejs-depd","node_modules/depd"
"server","depd","2.0.0","MIT","false","","dougwilson/nodejs-depd","server/node_modules/depd"
"client","deprecated-decorator","0.1.6","MIT","false","https://github.com/vilic/deprecated-decorator#readme","git+https://github.com/vilic/deprecated-decorator.git","node_modules/deprecated-decorator"
"server","destr","2.0.5","MIT","false","","unjs/destr","server/node_modules/destr"
"client","destroy","1.2.0","MIT","false","","stream-utils/destroy","node_modules/destroy"
"server","destroy","1.2.0","MIT","false","","stream-utils/destroy","server/node_modules/destroy"
"client","detect-newline","3.1.0","MIT","false","","sindresorhus/detect-newline","node_modules/detect-newline"
"server","detect-newline","3.1.0","MIT","false","","sindresorhus/detect-newline","server/node_modules/detect-newline"
"client","detect-node","2.1.0","MIT","false","https://github.com/iliakan/detect-node","https://github.com/iliakan/detect-node","node_modules/detect-node"
"server","dfa","1.2.0","MIT","false","https://github.com/devongovett/dfa#readme","git+ssh://git@github.com/devongovett/dfa.git","server/node_modules/dfa"
"client","dicer","0.3.0","MIT","false","","http://github.com/mscdex/dicer.git","node_modules/dicer"
"client","diff-sequences","27.5.1","MIT","false","","https://github.com/facebook/jest.git","node_modules/diff-sequences"
"server","diff-sequences","29.6.3","MIT","false","","https://github.com/jestjs/jest.git","server/node_modules/diff-sequences"
"client","dir-glob","3.0.1","MIT","false","","kevva/dir-glob","node_modules/dir-glob"
"client","dns-packet","5.6.1","MIT","false","https://github.com/mafintosh/dns-packet","mafintosh/dns-packet","node_modules/dns-packet"
"client","dom-converter","0.2.0","MIT","false","","https://github.com/AriaMinaei/dom-converter","node_modules/dom-converter"
"client","dom-event-types","1.1.0","MIT","false","","https://github.com/eddyerburgh/dom-event-types","node_modules/dom-event-types"
"client","dom-serializer","1.4.1","MIT","false","","git://github.com/cheeriojs/dom-renderer.git","node_modules/dom-serializer"
"client","dom-walk","0.1.2","MIT","false","https://github.com/Raynos/dom-walk","git://github.com/Raynos/dom-walk.git","node_modules/dom-walk"
"client","domexception","2.0.1","MIT","false","","jsdom/domexception","node_modules/domexception"
"client","dot-case","3.0.4","MIT","false","https://github.com/blakeembrey/change-case/tree/master/packages/dot-case#readme","git://github.com/blakeembrey/change-case.git","node_modules/dot-case"
"client","dot-prop","4.2.1","MIT","false","","sindresorhus/dot-prop","node_modules/dot-prop"
"client","dunder-proto","1.0.1","MIT","false","https://github.com/es-shims/dunder-proto#readme","git+https://github.com/es-shims/dunder-proto.git","node_modules/dunder-proto"
"server","dunder-proto","1.0.1","MIT","false","https://github.com/es-shims/dunder-proto#readme","git+https://github.com/es-shims/dunder-proto.git","server/node_modules/dunder-proto"
"client","duplexer","0.1.2","MIT","false","https://github.com/Raynos/duplexer","git://github.com/Raynos/duplexer.git","node_modules/duplexer"
"client","eastasianwidth","0.2.0","MIT","false","","git://github.com/komagata/eastasianwidth.git","node_modules/eastasianwidth"
"client","easy-stack","1.0.1","MIT","false","https://github.com/RIAEvangelist/easy-stack#readme","git+https://github.com/RIAEvangelist/easy-stack.git","node_modules/easy-stack"
"server","ecc-jsbn","0.1.2","MIT","false","https://github.com/quartzjer/ecc-jsbn","https://github.com/quartzjer/ecc-jsbn.git","server/node_modules/ecc-jsbn"
"client","ecstatic","3.3.2","MIT","false","https://github.com/jfhbrook/node-ecstatic","git@github.com:jfhbrook/node-ecstatic.git","node_modules/ecstatic"
"client","editorconfig","1.0.7","MIT","false","","git://github.com/editorconfig/editorconfig-core-js.git","node_modules/editorconfig"
"client","ee-first","1.1.1","MIT","false","","jonathanong/ee-first","node_modules/ee-first"
"server","ee-first","1.1.1","MIT","false","","jonathanong/ee-first","server/node_modules/ee-first"
"server","effect","3.21.0","MIT","false","https://effect.website","https://github.com/Effect-TS/effect.git","server/node_modules/effect"
"client","elegant-spinner","1.0.1","MIT","false","","sindresorhus/elegant-spinner","node_modules/elegant-spinner"
"client","emittery","0.8.1","MIT","false","","sindresorhus/emittery","node_modules/emittery"
"server","emittery","0.13.1","MIT","false","","sindresorhus/emittery","server/node_modules/emittery"
"client","emoji-regex","8.0.0","MIT","false","https://mths.be/emoji-regex","https://github.com/mathiasbynens/emoji-regex.git","node_modules/emoji-regex"
"server","emoji-regex","8.0.0","MIT","false","https://mths.be/emoji-regex","https://github.com/mathiasbynens/emoji-regex.git","server/node_modules/emoji-regex"
"client","emojis-list","3.0.0","MIT","false","https://nidecoc.io/Kikobeats/emojis-list","git+https://github.com/kikobeats/emojis-list.git","node_modules/emojis-list"
"server","empathic","2.0.0","MIT","false","","lukeed/empathic","server/node_modules/empathic"
"server","enabled","2.0.0","MIT","false","","git://github.com/3rd-Eden/enabled.git","server/node_modules/enabled"
"client","encodeurl","2.0.0","MIT","false","","pillarjs/encodeurl","node_modules/encodeurl"
"server","encodeurl","2.0.0","MIT","false","","pillarjs/encodeurl","server/node_modules/encodeurl"
"client","end-of-stream","1.4.5","MIT","false","https://github.com/mafintosh/end-of-stream","git://github.com/mafintosh/end-of-stream.git","node_modules/end-of-stream"
"client","enhanced-resolve","5.22.0","MIT","false","http://github.com/webpack/enhanced-resolve","git://github.com/webpack/enhanced-resolve.git","node_modules/enhanced-resolve"
"client","enquirer","2.4.1","MIT","false","https://github.com/enquirer/enquirer","enquirer/enquirer","node_modules/enquirer"
"client","env-ci","7.1.0","MIT","false","https://github.com/semantic-release/env-ci#readme","https://github.com/semantic-release/env-ci.git","node_modules/env-ci"
"client","error-ex","1.3.4","MIT","false","","qix-/node-error-ex","node_modules/error-ex"
"server","error-ex","1.3.4","MIT","false","","qix-/node-error-ex","server/node_modules/error-ex"
"client","error-stack-parser","2.1.4","MIT","false","https://www.stacktracejs.com","git://github.com/stacktracejs/error-stack-parser.git","node_modules/error-stack-parser"
"client","es-abstract","1.24.2","MIT","false","","git://github.com/ljharb/es-abstract.git","node_modules/es-abstract"
"server","es-abstract","1.24.2","MIT","false","","git://github.com/ljharb/es-abstract.git","server/node_modules/es-abstract"
"client","es-array-method-boxes-properly","1.0.0","MIT","false","https://github.com/ljharb/es-array-method-boxes-properly#readme","git+https://github.com/ljharb/es-array-method-boxes-properly.git","node_modules/es-array-method-boxes-properly"
"client","es-define-property","1.0.1","MIT","false","https://github.com/ljharb/es-define-property#readme","git+https://github.com/ljharb/es-define-property.git","node_modules/es-define-property"
"server","es-define-property","1.0.1","MIT","false","https://github.com/ljharb/es-define-property#readme","git+https://github.com/ljharb/es-define-property.git","server/node_modules/es-define-property"
"client","es-errors","1.3.0","MIT","false","https://github.com/ljharb/es-errors#readme","git+https://github.com/ljharb/es-errors.git","node_modules/es-errors"
"server","es-errors","1.3.0","MIT","false","https://github.com/ljharb/es-errors#readme","git+https://github.com/ljharb/es-errors.git","server/node_modules/es-errors"
"client","es-module-lexer","2.1.0","MIT","false","https://github.com/guybedford/es-module-lexer#readme","git+https://github.com/guybedford/es-module-lexer.git","node_modules/es-module-lexer"
"client","es-object-atoms","1.1.2","MIT","false","https://github.com/ljharb/es-object-atoms#readme","git+https://github.com/ljharb/es-object-atoms.git","node_modules/es-object-atoms"
"server","es-object-atoms","1.1.2","MIT","false","https://github.com/ljharb/es-object-atoms#readme","git+https://github.com/ljharb/es-object-atoms.git","server/node_modules/es-object-atoms"
"client","es-set-tostringtag","2.1.0","MIT","false","https://github.com/es-shims/es-set-tostringtag#readme","git+https://github.com/es-shims/es-set-tostringtag.git","node_modules/es-set-tostringtag"
"server","es-set-tostringtag","2.1.0","MIT","false","https://github.com/es-shims/es-set-tostringtag#readme","git+https://github.com/es-shims/es-set-tostringtag.git","server/node_modules/es-set-tostringtag"
"client","es-to-primitive","1.3.0","MIT","false","","git://github.com/ljharb/es-to-primitive.git","node_modules/es-to-primitive"
"server","es-to-primitive","1.3.0","MIT","false","","git://github.com/ljharb/es-to-primitive.git","server/node_modules/es-to-primitive"
"client","es6-error","4.1.1","MIT","false","https://github.com/bjyoungblood/es6-error","https://github.com/bjyoungblood/es6-error.git","node_modules/es6-error"
"client","escalade","3.2.0","MIT","false","","lukeed/escalade","node_modules/escalade"
"server","escalade","3.2.0","MIT","false","","lukeed/escalade","server/node_modules/escalade"
"client","escape-html","1.0.3","MIT","false","","component/escape-html","node_modules/escape-html"
"server","escape-html","1.0.3","MIT","false","","component/escape-html","server/node_modules/escape-html"
"client","escape-string-regexp","4.0.0","MIT","false","","sindresorhus/escape-string-regexp","node_modules/escape-string-regexp"
"server","escape-string-regexp","1.0.5","MIT","false","","sindresorhus/escape-string-regexp","server/node_modules/escape-string-regexp"
"client","eslint","7.32.0","MIT","true","https://eslint.org","eslint/eslint","node_modules/eslint"
"server","eslint","5.16.0","MIT","true","https://eslint.org","eslint/eslint","server/node_modules/eslint"
"client","eslint-plugin-cypress","2.15.2","MIT","false","https://github.com/cypress-io/eslint-plugin-cypress#readme","git+https://github.com/cypress-io/eslint-plugin-cypress.git","node_modules/eslint-plugin-cypress"
"client","eslint-plugin-vue","9.33.0","MIT","true","https://eslint.vuejs.org","git+https://github.com/vuejs/eslint-plugin-vue.git","node_modules/eslint-plugin-vue"
"client","eslint-utils","2.1.0","MIT","false","https://github.com/mysticatea/eslint-utils#readme","git+https://github.com/mysticatea/eslint-utils.git","node_modules/eslint-utils"
"server","eslint-utils","1.4.3","MIT","false","https://github.com/mysticatea/eslint-utils#readme","git+https://github.com/mysticatea/eslint-utils.git","server/node_modules/eslint-utils"
"client","eslint-webpack-plugin","3.2.0","MIT","false","https://github.com/webpack-contrib/eslint-webpack-plugin","webpack-contrib/eslint-webpack-plugin","node_modules/eslint-webpack-plugin"
"client","esm","3.2.25","MIT","false","","standard-things/esm","node_modules/esm"
"client","estree-walker","2.0.2","MIT","false","","https://github.com/Rich-Harris/estree-walker","node_modules/estree-walker"
"client","etag","1.8.1","MIT","false","","jshttp/etag","node_modules/etag"
"server","etag","1.8.1","MIT","false","","jshttp/etag","server/node_modules/etag"
"client","eventemitter3","4.0.7","MIT","false","","git://github.com/primus/eventemitter3.git","node_modules/eventemitter3"
"client","events","3.3.0","MIT","false","","git://github.com/Gozala/events.git","node_modules/events"
"client","execa","1.0.0","MIT","false","","sindresorhus/execa","node_modules/execa"
"server","execa","5.1.1","MIT","false","","sindresorhus/execa","server/node_modules/execa"
"client","exit","0.1.2","MIT","false","https://github.com/cowboy/node-exit","git://github.com/cowboy/node-exit.git","node_modules/exit"
"server","exit","0.1.2","MIT","false","https://github.com/cowboy/node-exit","git://github.com/cowboy/node-exit.git","server/node_modules/exit"
"client","exit-hook","1.1.1","MIT","false","","sindresorhus/exit-hook","node_modules/exit-hook"
"client","expand-brackets","2.1.4","MIT","false","https://github.com/jonschlinkert/expand-brackets","jonschlinkert/expand-brackets","node_modules/expand-brackets"
"client","expect","27.5.1","MIT","false","","https://github.com/facebook/jest.git","node_modules/expect"
"server","expect","29.7.0","MIT","false","","https://github.com/jestjs/jest.git","server/node_modules/expect"
"client","express","4.22.2","MIT","false","http://expressjs.com/","expressjs/express","node_modules/express"
"server","express","4.22.2","MIT","true","http://expressjs.com/","expressjs/express","server/node_modules/express"
"server","exsolve","1.0.8","MIT","false","","unjs/exsolve","server/node_modules/exsolve"
"server","extend","3.0.2","MIT","false","","https://github.com/justmoon/node-extend.git","server/node_modules/extend"
"client","extend-shallow","2.0.1","MIT","false","https://github.com/jonschlinkert/extend-shallow","jonschlinkert/extend-shallow","node_modules/extend-shallow"
"server","extendable-error","0.1.7","MIT","false","https://github.com/vilic/extendable-error#readme","git+https://github.com/vilic/extendable-error.git","server/node_modules/extendable-error"
"server","external-editor","3.1.0","MIT","false","https://github.com/mrkmg/node-external-editor#readme","git+https://github.com/mrkmg/node-external-editor.git","server/node_modules/external-editor"
"client","extglob","2.0.4","MIT","false","https://github.com/micromatch/extglob","micromatch/extglob","node_modules/extglob"
"client","extract-files","5.0.1","MIT","false","https://github.com/jaydenseric/extract-files#readme","github:jaydenseric/extract-files","node_modules/extract-files"
"client","extract-from-css","0.4.4","MIT","false","","https://github.com/rubennorte/extract-from-css.git","node_modules/extract-from-css"
"client","extract-stack","2.0.0","MIT","false","","sindresorhus/extract-stack","node_modules/extract-stack"
"server","extsprintf","1.3.0","MIT","false","","git://github.com/davepacheco/node-extsprintf.git","server/node_modules/extsprintf"
"server","faker","4.1.0","MIT","true","","http://github.com/Marak/Faker.js.git","server/node_modules/faker"
"server","fast-check","3.23.2","MIT","false","https://fast-check.dev/","git+https://github.com/dubzzz/fast-check.git","server/node_modules/fast-check"
"client","fast-deep-equal","2.0.1","MIT","false","https://github.com/epoberezkin/fast-deep-equal#readme","git+https://github.com/epoberezkin/fast-deep-equal.git","node_modules/fast-deep-equal"
"server","fast-deep-equal","3.1.3","MIT","false","https://github.com/epoberezkin/fast-deep-equal#readme","git+https://github.com/epoberezkin/fast-deep-equal.git","server/node_modules/fast-deep-equal"
"client","fast-glob","3.3.3","MIT","false","","mrmlnc/fast-glob","node_modules/fast-glob"
"client","fast-json-stable-stringify","2.1.0","MIT","false","https://github.com/epoberezkin/fast-json-stable-stringify","git://github.com/epoberezkin/fast-json-stable-stringify.git","node_modules/fast-json-stable-stringify"
"server","fast-json-stable-stringify","2.1.0","MIT","false","https://github.com/epoberezkin/fast-json-stable-stringify","git://github.com/epoberezkin/fast-json-stable-stringify.git","server/node_modules/fast-json-stable-stringify"
"client","fast-levenshtein","2.0.6","MIT","false","","https://github.com/hiddentao/fast-levenshtein.git","node_modules/fast-levenshtein"
"server","fast-levenshtein","2.0.6","MIT","false","","https://github.com/hiddentao/fast-levenshtein.git","server/node_modules/fast-levenshtein"
"server","fast-xml-builder","1.2.0","MIT","false","","git+https://github.com/NaturalIntelligence/fast-xml-builder.git","server/node_modules/fast-xml-builder"
"server","fast-xml-parser","5.7.3","MIT","false","","git+https://github.com/NaturalIntelligence/fast-xml-parser.git","server/node_modules/fast-xml-parser"
"client","fastest-levenshtein","1.0.16","MIT","false","https://github.com/ka-weihe/fastest-levenshtein#README","git+https://github.com/ka-weihe/fastest-levenshtein.git","node_modules/fastest-levenshtein"
"server","fecha","4.2.3","MIT","false","https://github.com/taylorhakes/fecha","https://taylorhakes@github.com/taylorhakes/fecha.git","server/node_modules/fecha"
"client","figures","1.7.0","MIT","false","","sindresorhus/figures","node_modules/figures"
"server","figures","2.0.0","MIT","false","","sindresorhus/figures","server/node_modules/figures"
"client","file-entry-cache","6.0.1","MIT","false","","royriojas/file-entry-cache","node_modules/file-entry-cache"
"server","file-entry-cache","5.0.1","MIT","false","","royriojas/file-entry-cache","server/node_modules/file-entry-cache"
"client","file-saver","2.0.5","MIT","true","https://github.com/eligrey/FileSaver.js#readme","https://github.com/eligrey/FileSaver.js","node_modules/file-saver"
"client","file-uri-to-path","1.0.0","MIT","false","https://github.com/TooTallNate/file-uri-to-path","git://github.com/TooTallNate/file-uri-to-path.git","node_modules/file-uri-to-path"
"client","fill-range","7.1.1","MIT","false","https://github.com/jonschlinkert/fill-range","jonschlinkert/fill-range","node_modules/fill-range"
"server","fill-range","7.1.1","MIT","false","https://github.com/jonschlinkert/fill-range","jonschlinkert/fill-range","server/node_modules/fill-range"
"client","filter-obj","1.1.0","MIT","false","","sindresorhus/filter-obj","node_modules/filter-obj"
"client","finalhandler","1.3.2","MIT","false","","pillarjs/finalhandler","node_modules/finalhandler"
"server","finalhandler","1.3.2","MIT","false","","pillarjs/finalhandler","server/node_modules/finalhandler"
"client","find-babel-config","1.2.2","MIT","false","","https://github.com/tleunen/find-babel-config.git","node_modules/find-babel-config"
"client","find-cache-dir","3.3.2","MIT","false","","avajs/find-cache-dir","node_modules/find-cache-dir"
"client","find-parent-dir","0.3.1","MIT","false","https://github.com/thlorenz/find-parent-dir","git://github.com/thlorenz/find-parent-dir.git","node_modules/find-parent-dir"
"server","find-up","4.1.0","MIT","false","","sindresorhus/find-up","server/node_modules/find-up"
"client","flat-cache","3.2.0","MIT","false","","jaredwray/flat-cache","node_modules/flat-cache"
"server","flat-cache","2.0.1","MIT","false","","royriojas/flat-cache","server/node_modules/flat-cache"
"client","flatpickr","4.6.13","MIT","false","https://flatpickr.js.org","git+https://github.com/chmln/flatpickr.git","node_modules/flatpickr"
"server","fn.name","1.1.0","MIT","false","https://github.com/3rd-Eden/fn.name","https://github.com/3rd-Eden/fn.name","server/node_modules/fn.name"
"client","follow-redirects","1.16.0","MIT","false","https://github.com/follow-redirects/follow-redirects","git+ssh://git@github.com/follow-redirects/follow-redirects.git","node_modules/follow-redirects"
"server","follow-redirects","1.16.0","MIT","false","https://github.com/follow-redirects/follow-redirects","git+ssh://git@github.com/follow-redirects/follow-redirects.git","server/node_modules/follow-redirects"
"client","for-each","0.3.5","MIT","false","https://github.com/Raynos/for-each","https://github.com/Raynos/for-each.git","node_modules/for-each"
"server","for-each","0.3.5","MIT","false","https://github.com/Raynos/for-each","https://github.com/Raynos/for-each.git","server/node_modules/for-each"
"client","for-in","1.0.2","MIT","false","https://github.com/jonschlinkert/for-in","jonschlinkert/for-in","node_modules/for-in"
"client","form-data","4.0.5","MIT","false","","git://github.com/form-data/form-data.git","node_modules/form-data"
"server","form-data","4.0.5","MIT","false","","git://github.com/form-data/form-data.git","server/node_modules/form-data"
"client","forwarded","0.2.0","MIT","false","","jshttp/forwarded","node_modules/forwarded"
"server","forwarded","0.2.0","MIT","false","","jshttp/forwarded","server/node_modules/forwarded"
"client","fraction.js","5.3.4","MIT","false","https://raw.org/article/rational-numbers-in-javascript/","git+ssh://git@github.com/rawify/Fraction.js.git","node_modules/fraction.js"
"client","fragment-cache","0.2.1","MIT","false","https://github.com/jonschlinkert/fragment-cache","jonschlinkert/fragment-cache","node_modules/fragment-cache"
"client","fresh","0.5.2","MIT","false","","jshttp/fresh","node_modules/fresh"
"server","fresh","0.5.2","MIT","false","","jshttp/fresh","server/node_modules/fresh"
"client","fromentries","1.3.2","MIT","false","https://github.com/feross/fromentries","git://github.com/feross/fromentries.git","node_modules/fromentries"
"client","fs-capacitor","2.0.4","MIT","false","https://github.com/mike-marcacci/fs-capacitor#readme","github:mike-marcacci/fs-capacitor","node_modules/fs-capacitor"
"client","fs-extra","9.1.0","MIT","false","https://github.com/jprichardson/node-fs-extra","https://github.com/jprichardson/node-fs-extra","node_modules/fs-extra"
"client","function-bind","1.1.2","MIT","false","https://github.com/Raynos/function-bind","https://github.com/Raynos/function-bind.git","node_modules/function-bind"
"server","function-bind","1.1.2","MIT","false","https://github.com/Raynos/function-bind","https://github.com/Raynos/function-bind.git","server/node_modules/function-bind"
"client","function.prototype.name","1.1.8","MIT","false","","git://github.com/es-shims/Function.prototype.name.git","node_modules/function.prototype.name"
"server","function.prototype.name","1.1.8","MIT","false","","git://github.com/es-shims/Function.prototype.name.git","server/node_modules/function.prototype.name"
"client","functional-red-black-tree","1.0.1","MIT","false","","git://github.com/mikolalysenko/functional-red-black-tree.git","node_modules/functional-red-black-tree"
"server","functional-red-black-tree","1.0.1","MIT","false","","git://github.com/mikolalysenko/functional-red-black-tree.git","server/node_modules/functional-red-black-tree"
"client","functions-have-names","1.2.3","MIT","false","https://github.com/inspect-js/functions-have-names#readme","git+https://github.com/inspect-js/functions-have-names.git","node_modules/functions-have-names"
"server","functions-have-names","1.2.3","MIT","false","https://github.com/inspect-js/functions-have-names#readme","git+https://github.com/inspect-js/functions-have-names.git","server/node_modules/functions-have-names"
"client","gaze","1.1.3","MIT","false","https://github.com/shama/gaze","https://github.com/shama/gaze.git","node_modules/gaze"
"client","generator-function","2.0.1","MIT","false","https://github.com/TimothyGu/generator-function#readme","git+https://github.com/TimothyGu/generator-function.git","node_modules/generator-function"
"server","generator-function","2.0.1","MIT","false","https://github.com/TimothyGu/generator-function#readme","git+https://github.com/TimothyGu/generator-function.git","server/node_modules/generator-function"
"client","gensync","1.0.0-beta.2","MIT","false","https://github.com/loganfsmyth/gensync","https://github.com/loganfsmyth/gensync.git","node_modules/gensync"
"server","gensync","1.0.0-beta.2","MIT","false","https://github.com/loganfsmyth/gensync","https://github.com/loganfsmyth/gensync.git","server/node_modules/gensync"
"client","get-intrinsic","1.3.0","MIT","false","https://github.com/ljharb/get-intrinsic#readme","git+https://github.com/ljharb/get-intrinsic.git","node_modules/get-intrinsic"
"server","get-intrinsic","1.3.0","MIT","false","https://github.com/ljharb/get-intrinsic#readme","git+https://github.com/ljharb/get-intrinsic.git","server/node_modules/get-intrinsic"
"client","get-package-type","0.1.0","MIT","false","https://github.com/cfware/get-package-type#readme","git+https://github.com/cfware/get-package-type.git","node_modules/get-package-type"
"server","get-package-type","0.1.0","MIT","false","https://github.com/cfware/get-package-type#readme","git+https://github.com/cfware/get-package-type.git","server/node_modules/get-package-type"
"server","get-port","5.1.1","MIT","false","","sindresorhus/get-port","server/node_modules/get-port"
"client","get-proto","1.0.1","MIT","false","https://github.com/ljharb/get-proto#readme","git+https://github.com/ljharb/get-proto.git","node_modules/get-proto"
"server","get-proto","1.0.1","MIT","false","https://github.com/ljharb/get-proto#readme","git+https://github.com/ljharb/get-proto.git","server/node_modules/get-proto"
"client","get-stream","4.1.0","MIT","false","","sindresorhus/get-stream","node_modules/get-stream"
"client","get-symbol-description","1.1.0","MIT","false","https://github.com/inspect-js/get-symbol-description#readme","git+https://github.com/inspect-js/get-symbol-description.git","node_modules/get-symbol-description"
"server","get-symbol-description","1.1.0","MIT","false","https://github.com/inspect-js/get-symbol-description#readme","git+https://github.com/inspect-js/get-symbol-description.git","server/node_modules/get-symbol-description"
"client","get-value","2.0.6","MIT","false","https://github.com/jonschlinkert/get-value","jonschlinkert/get-value","node_modules/get-value"
"server","getpass","0.1.7","MIT","false","","https://github.com/arekinath/node-getpass.git","server/node_modules/getpass"
"server","giget","2.0.0","MIT","false","","unjs/giget","server/node_modules/giget"
"client","git-rev-sync","3.0.2","MIT","false","https://github.com/kurttheviking/git-rev-sync-js","git@github.com:kurttheviking/git-rev-sync-js.git","node_modules/git-rev-sync"
"client","git-up","4.0.5","MIT","false","https://github.com/IonicaBizau/git-up","https://github.com/IonicaBizau/git-up.git","node_modules/git-up"
"client","git-url-parse","11.6.0","MIT","false","https://github.com/IonicaBizau/git-url-parse","git+ssh://git@github.com/IonicaBizau/git-url-parse.git","node_modules/git-url-parse"
"client","global","4.4.0","MIT","false","https://github.com/Raynos/global","git://github.com/Raynos/global.git","node_modules/global"
"client","global-dirs","0.1.1","MIT","false","","sindresorhus/global-dirs","node_modules/global-dirs"
"client","globals","13.24.0","MIT","false","","sindresorhus/globals","node_modules/globals"
"server","globals","11.12.0","MIT","false","","sindresorhus/globals","server/node_modules/globals"
"client","globalthis","1.0.4","MIT","false","","git://github.com/ljharb/System.global.git","node_modules/globalthis"
"server","globalthis","1.0.4","MIT","false","","git://github.com/ljharb/System.global.git","server/node_modules/globalthis"
"client","globby","11.1.0","MIT","false","","sindresorhus/globby","node_modules/globby"
"client","globule","1.3.4","MIT","false","https://github.com/cowboy/node-globule","git://github.com/cowboy/node-globule.git","node_modules/globule"
"client","good-listener","1.2.2","MIT","false","","zenorocha/good-listener","node_modules/good-listener"
"client","gopd","1.2.0","MIT","false","https://github.com/ljharb/gopd#readme","git+https://github.com/ljharb/gopd.git","node_modules/gopd"
"server","gopd","1.2.0","MIT","false","https://github.com/ljharb/gopd#readme","git+https://github.com/ljharb/gopd.git","server/node_modules/gopd"
"client","got","6.7.1","MIT","false","","sindresorhus/got","node_modules/got"
"client","grapheme-splitter","1.0.4","MIT","false","https://github.com/orling/grapheme-splitter","https://github.com/orling/grapheme-splitter.git","node_modules/grapheme-splitter"
"client","graphql","14.7.0","MIT","false","https://github.com/graphql/graphql-js","https://github.com/graphql/graphql-js.git","node_modules/graphql"
"server","graphql","16.14.1","MIT","true","https://github.com/graphql/graphql-js","https://github.com/graphql/graphql-js.git","server/node_modules/graphql"
"client","graphql-anywhere","4.2.8","MIT","false","https://github.com/apollographql/apollo-client/tree/master/packages/graphql-anywhere","git+https://github.com/apollographql/apollo-client.git","node_modules/graphql-anywhere"
"client","graphql-extensions","0.16.0","MIT","false","","apollographql/apollo-server","node_modules/graphql-extensions"
"server","graphql-import","0.7.1","MIT","true","","git@github.com:graphcool/graphql-import.git","server/node_modules/graphql-import"
"server","graphql-middleware","6.1.35","MIT","true","https://github.com/maticzav/graphql-middleware","https://github.com/maticzav/graphql-middleware.git","server/node_modules/graphql-middleware"
"server","graphql-shield","7.6.5","MIT","true","https://github.com/maticzav/graphql-shield","https://github.com/maticzav/graphql-shield.git","server/node_modules/graphql-shield"
"client","graphql-subscriptions","1.2.1","MIT","false","","https://github.com/apollostack/graphql-subscriptions.git","node_modules/graphql-subscriptions"
"server","graphql-subscriptions","1.2.1","MIT","true","","https://github.com/apollostack/graphql-subscriptions.git","server/node_modules/graphql-subscriptions"
"client","graphql-tag","2.12.6","MIT","true","https://github.com/apollographql/graphql-tag#readme","git+https://github.com/apollographql/graphql-tag.git","node_modules/graphql-tag"
"client","graphql-tools","4.0.8","MIT","false","https://github.com/apollostack/graphql-tools#readme","git+https://github.com/apollographql/graphql-tools.git","node_modules/graphql-tools"
"client","graphql-ws","5.16.2","MIT","true","https://the-guild.dev/graphql/ws","git+https://github.com/enisdenjo/graphql-ws.git","node_modules/graphql-ws"
"server","graphql-ws","5.16.2","MIT","true","https://the-guild.dev/graphql/ws","git+https://github.com/enisdenjo/graphql-ws.git","server/node_modules/graphql-ws"
"client","gzip-size","6.0.0","MIT","false","","sindresorhus/gzip-size","node_modules/gzip-size"
"client","handle-thing","2.0.1","MIT","false","https://github.com/spdy-http2/handle-thing#readme","git+ssh://git@github.com/indutny/handle-thing.git","node_modules/handle-thing"
"server","handlebars","4.7.9","MIT","true","https://handlebarsjs.com/","https://github.com/handlebars-lang/handlebars.js.git","server/node_modules/handlebars"
"server","har-validator","5.1.5","MIT","false","https://github.com/ahmadnassri/node-har-validator","https://github.com/ahmadnassri/node-har-validator.git","server/node_modules/har-validator"
"client","has-ansi","2.0.0","MIT","false","","sindresorhus/has-ansi","node_modules/has-ansi"
"client","has-bigints","1.1.0","MIT","false","https://github.com/ljharb/has-bigints#readme","git+https://github.com/ljharb/has-bigints.git","node_modules/has-bigints"
"server","has-bigints","1.1.0","MIT","false","https://github.com/ljharb/has-bigints#readme","git+https://github.com/ljharb/has-bigints.git","server/node_modules/has-bigints"
"client","has-flag","4.0.0","MIT","false","","sindresorhus/has-flag","node_modules/has-flag"
"server","has-flag","3.0.0","MIT","false","","sindresorhus/has-flag","server/node_modules/has-flag"
"client","has-property-descriptors","1.0.2","MIT","false","https://github.com/inspect-js/has-property-descriptors#readme","git+https://github.com/inspect-js/has-property-descriptors.git","node_modules/has-property-descriptors"
"server","has-property-descriptors","1.0.2","MIT","false","https://github.com/inspect-js/has-property-descriptors#readme","git+https://github.com/inspect-js/has-property-descriptors.git","server/node_modules/has-property-descriptors"
"client","has-proto","1.2.0","MIT","false","https://github.com/inspect-js/has-proto#readme","git+https://github.com/inspect-js/has-proto.git","node_modules/has-proto"
"server","has-proto","1.2.0","MIT","false","https://github.com/inspect-js/has-proto#readme","git+https://github.com/inspect-js/has-proto.git","server/node_modules/has-proto"
"client","has-symbols","1.1.0","MIT","false","https://github.com/ljharb/has-symbols#readme","git://github.com/inspect-js/has-symbols.git","node_modules/has-symbols"
"server","has-symbols","1.1.0","MIT","false","https://github.com/ljharb/has-symbols#readme","git://github.com/inspect-js/has-symbols.git","server/node_modules/has-symbols"
"client","has-tostringtag","1.0.2","MIT","false","https://github.com/inspect-js/has-tostringtag#readme","git+https://github.com/inspect-js/has-tostringtag.git","node_modules/has-tostringtag"
"server","has-tostringtag","1.0.2","MIT","false","https://github.com/inspect-js/has-tostringtag#readme","git+https://github.com/inspect-js/has-tostringtag.git","server/node_modules/has-tostringtag"
"client","has-value","1.0.0","MIT","false","https://github.com/jonschlinkert/has-value","jonschlinkert/has-value","node_modules/has-value"
"client","has-values","1.0.0","MIT","false","https://github.com/jonschlinkert/has-values","jonschlinkert/has-values","node_modules/has-values"
"client","hash-sum","2.0.0","MIT","false","https://github.com/bevacqua/hash-sum","git://github.com/bevacqua/hash-sum.git","node_modules/hash-sum"
"client","hash.js","1.1.7","MIT","false","https://github.com/indutny/hash.js","git@github.com:indutny/hash.js","node_modules/hash.js"
"client","hasown","2.0.3","MIT","false","https://github.com/inspect-js/hasOwn#readme","git+https://github.com/inspect-js/hasOwn.git","node_modules/hasown"
"server","hasown","2.0.3","MIT","false","https://github.com/inspect-js/hasOwn#readme","git+https://github.com/inspect-js/hasOwn.git","server/node_modules/hasown"
"client","he","1.2.0","MIT","false","https://mths.be/he","https://github.com/mathiasbynens/he.git","node_modules/he"
"client","header-case","2.0.4","MIT","false","https://github.com/blakeembrey/change-case/tree/master/packages/header-case#readme","git://github.com/blakeembrey/change-case.git","node_modules/header-case"
"client","hpack.js","2.1.6","MIT","false","https://github.com/indutny/hpack.js#readme","git+ssh://git@github.com/indutny/hpack.js.git","node_modules/hpack.js"
"client","html-encoding-sniffer","2.0.1","MIT","false","","jsdom/html-encoding-sniffer","node_modules/html-encoding-sniffer"
"client","html-entities","2.6.0","MIT","false","","https://github.com/mdevils/html-entities.git","node_modules/html-entities"
"client","html-escaper","2.0.2","MIT","false","https://github.com/WebReflection/html-escaper","https://github.com/WebReflection/html-escaper.git","node_modules/html-escaper"
"server","html-escaper","2.0.2","MIT","false","https://github.com/WebReflection/html-escaper","https://github.com/WebReflection/html-escaper.git","server/node_modules/html-escaper"
"client","html-minifier-terser","6.1.0","MIT","false","https://terser.org/html-minifier-terser/","git+https://github.com/terser/html-minifier-terser.git","node_modules/html-minifier-terser"
"client","html-tags","2.0.0","MIT","false","","sindresorhus/html-tags","node_modules/html-tags"
"client","html-webpack-plugin","5.6.7","MIT","false","https://github.com/jantimon/html-webpack-plugin","https://github.com/jantimon/html-webpack-plugin.git","node_modules/html-webpack-plugin"
"client","htmlparser2","6.1.0","MIT","false","","git://github.com/fb55/htmlparser2.git","node_modules/htmlparser2"
"client","http-deceiver","1.2.7","MIT","false","https://github.com/indutny/http-deceiver#readme","git+ssh://git@github.com/indutny/http-deceiver.git","node_modules/http-deceiver"
"client","http-errors","1.8.1","MIT","false","","jshttp/http-errors","node_modules/http-errors"
"client","http-parser-js","0.5.10","MIT","false","","git://github.com/creationix/http-parser-js.git","node_modules/http-parser-js"
"client","http-proxy","1.18.1","MIT","false","","https://github.com/http-party/node-http-proxy.git","node_modules/http-proxy"
"client","http-proxy-agent","4.0.1","MIT","false","","git://github.com/TooTallNate/node-http-proxy-agent.git","node_modules/http-proxy-agent"
"client","http-proxy-middleware","2.0.9","MIT","false","https://github.com/chimurai/http-proxy-middleware#readme","https://github.com/chimurai/http-proxy-middleware.git","node_modules/http-proxy-middleware"
"client","http-server","0.11.2","MIT","true","","git://github.com/indexzero/http-server.git","node_modules/http-server"
"server","http-signature","1.2.0","MIT","false","https://github.com/joyent/node-http-signature/","git://github.com/joyent/node-http-signature.git","server/node_modules/http-signature"
"client","https-proxy-agent","5.0.1","MIT","false","","git://github.com/TooTallNate/node-https-proxy-agent.git","node_modules/https-proxy-agent"
"server","https-proxy-agent","5.0.1","MIT","false","","git://github.com/TooTallNate/node-https-proxy-agent.git","server/node_modules/https-proxy-agent"
"client","hyperlinker","1.0.0","MIT","false","","jamestalmage/hyperlinker","node_modules/hyperlinker"
"client","iconv-lite","0.4.24","MIT","false","https://github.com/ashtuchkin/iconv-lite","git://github.com/ashtuchkin/iconv-lite.git","node_modules/iconv-lite"
"server","iconv-lite","0.4.24","MIT","false","https://github.com/ashtuchkin/iconv-lite","git://github.com/ashtuchkin/iconv-lite.git","server/node_modules/iconv-lite"
"client","ignore","4.0.6","MIT","false","","git@github.com:kaelzhang/node-ignore.git","node_modules/ignore"
"server","ignore","4.0.6","MIT","false","","git@github.com:kaelzhang/node-ignore.git","server/node_modules/ignore"
"client","immediate","3.0.6","MIT","false","","git://github.com/calvinmetcalf/immediate.git","node_modules/immediate"
"client","import-fresh","3.3.1","MIT","false","","sindresorhus/import-fresh","node_modules/import-fresh"
"server","import-fresh","3.3.1","MIT","false","","sindresorhus/import-fresh","server/node_modules/import-fresh"
"client","import-lazy","2.1.0","MIT","false","","sindresorhus/import-lazy","node_modules/import-lazy"
"client","import-local","3.2.0","MIT","false","","sindresorhus/import-local","node_modules/import-local"
"server","import-local","3.2.0","MIT","false","","sindresorhus/import-local","server/node_modules/import-local"
"client","imurmurhash","0.1.4","MIT","false","https://github.com/jensyt/imurmurhash-js","https://github.com/jensyt/imurmurhash-js","node_modules/imurmurhash"
"server","imurmurhash","0.1.4","MIT","false","https://github.com/jensyt/imurmurhash-js","https://github.com/jensyt/imurmurhash-js","server/node_modules/imurmurhash"
"client","indent-string","2.1.0","MIT","false","","sindresorhus/indent-string","node_modules/indent-string"
"client","individual","2.0.0","MIT","false","https://github.com/Raynos/individual","git://github.com/Raynos/individual.git","node_modules/individual"
"client","inflected","2.1.0","MIT","false","","martinandert/inflected","node_modules/inflected"
"server","inquirer","6.5.2","MIT","false","","SBoudrias/Inquirer.js","server/node_modules/inquirer"
"client","internal-slot","1.1.0","MIT","false","https://github.com/ljharb/internal-slot#readme","git+https://github.com/ljharb/internal-slot.git","node_modules/internal-slot"
"server","internal-slot","1.1.0","MIT","false","https://github.com/ljharb/internal-slot#readme","git+https://github.com/ljharb/internal-slot.git","server/node_modules/internal-slot"
"client","interpret","1.4.0","MIT","false","","gulpjs/interpret","node_modules/interpret"
"client","invariant","2.2.4","MIT","false","","https://github.com/zertosh/invariant","node_modules/invariant"
"server","ioredis","5.10.1","MIT","true","","git://github.com/luin/ioredis.git","server/node_modules/ioredis"
"client","ipaddr.js","1.9.1","MIT","false","","git://github.com/whitequark/ipaddr.js","node_modules/ipaddr.js"
"server","ipaddr.js","1.9.1","MIT","false","","git://github.com/whitequark/ipaddr.js","server/node_modules/ipaddr.js"
"client","is-accessor-descriptor","1.0.2","MIT","false","https://github.com/inspect-js/is-accessor-descriptor","git+https://github.com/inspect-js/is-accessor-descriptor.git","node_modules/is-accessor-descriptor"
"server","is-arguments","1.2.0","MIT","false","https://github.com/inspect-js/is-arguments","git://github.com/inspect-js/is-arguments.git","server/node_modules/is-arguments"
"client","is-array-buffer","3.0.5","MIT","false","https://github.com/inspect-js/is-array-buffer#readme","git+https://github.com/inspect-js/is-array-buffer.git","node_modules/is-array-buffer"
"server","is-array-buffer","3.0.5","MIT","false","https://github.com/inspect-js/is-array-buffer#readme","git+https://github.com/inspect-js/is-array-buffer.git","server/node_modules/is-array-buffer"
"client","is-arrayish","0.2.1","MIT","false","","https://github.com/qix-/node-is-arrayish.git","node_modules/is-arrayish"
"server","is-arrayish","0.2.1","MIT","false","","https://github.com/qix-/node-is-arrayish.git","server/node_modules/is-arrayish"
"client","is-async-function","2.1.1","MIT","false","","git://github.com/inspect-js/is-async-function.git","node_modules/is-async-function"
"server","is-async-function","2.1.1","MIT","false","","git://github.com/inspect-js/is-async-function.git","server/node_modules/is-async-function"
"client","is-bigint","1.1.0","MIT","false","https://github.com/inspect-js/is-bigint#readme","git+https://github.com/inspect-js/is-bigint.git","node_modules/is-bigint"
"server","is-bigint","1.1.0","MIT","false","https://github.com/inspect-js/is-bigint#readme","git+https://github.com/inspect-js/is-bigint.git","server/node_modules/is-bigint"
"client","is-binary-path","2.1.0","MIT","false","","sindresorhus/is-binary-path","node_modules/is-binary-path"
"server","is-binary-path","2.1.0","MIT","false","","sindresorhus/is-binary-path","server/node_modules/is-binary-path"
"client","is-boolean-object","1.2.2","MIT","false","","git://github.com/inspect-js/is-boolean-object.git","node_modules/is-boolean-object"
"server","is-boolean-object","1.2.2","MIT","false","","git://github.com/inspect-js/is-boolean-object.git","server/node_modules/is-boolean-object"
"client","is-buffer","1.1.6","MIT","false","","git://github.com/feross/is-buffer.git","node_modules/is-buffer"
"client","is-callable","1.2.7","MIT","false","","git://github.com/inspect-js/is-callable.git","node_modules/is-callable"
"server","is-callable","1.2.7","MIT","false","","git://github.com/inspect-js/is-callable.git","server/node_modules/is-callable"
"client","is-ci","1.2.1","MIT","false","https://github.com/watson/is-ci","https://github.com/watson/is-ci.git","node_modules/is-ci"
"client","is-core-module","2.16.2","MIT","false","https://github.com/inspect-js/is-core-module","git+https://github.com/inspect-js/is-core-module.git","node_modules/is-core-module"
"server","is-core-module","2.16.2","MIT","false","https://github.com/inspect-js/is-core-module","git+https://github.com/inspect-js/is-core-module.git","server/node_modules/is-core-module"
"client","is-data-descriptor","1.0.1","MIT","false","https://github.com/inspect-js/is-data-descriptor","git+https://github.com/inspect-js/is-data-descriptor.git","node_modules/is-data-descriptor"
"client","is-data-view","1.0.2","MIT","false","https://github.com/inspect-js/is-data-view#readme","git+https://github.com/inspect-js/is-data-view.git","node_modules/is-data-view"
"server","is-data-view","1.0.2","MIT","false","https://github.com/inspect-js/is-data-view#readme","git+https://github.com/inspect-js/is-data-view.git","server/node_modules/is-data-view"
"client","is-date-object","1.1.0","MIT","false","","git://github.com/inspect-js/is-date-object.git","node_modules/is-date-object"
"server","is-date-object","1.1.0","MIT","false","","git://github.com/inspect-js/is-date-object.git","server/node_modules/is-date-object"
"client","is-descriptor","0.1.8","MIT","false","https://github.com/inspect-js/is-descriptor","git+https://github.com/inspect-js/is-descriptor.git","node_modules/is-descriptor"
"client","is-directory","0.3.1","MIT","false","https://github.com/jonschlinkert/is-directory","jonschlinkert/is-directory","node_modules/is-directory"
"client","is-docker","2.2.1","MIT","false","","sindresorhus/is-docker","node_modules/is-docker"
"client","is-extendable","0.1.1","MIT","false","https://github.com/jonschlinkert/is-extendable","jonschlinkert/is-extendable","node_modules/is-extendable"
"client","is-extglob","2.1.1","MIT","false","https://github.com/jonschlinkert/is-extglob","jonschlinkert/is-extglob","node_modules/is-extglob"
"server","is-extglob","2.1.1","MIT","false","https://github.com/jonschlinkert/is-extglob","jonschlinkert/is-extglob","server/node_modules/is-extglob"
"client","is-file-esm","1.0.0","MIT","false","https://github.com/davidmarkclements/is-file-esm#readme","git+https://github.com/davidmarkclements/is-file-esm.git","node_modules/is-file-esm"
"client","is-finalizationregistry","1.1.1","MIT","false","https://github.com/inspect-js/is-finalizationregistry#readme","git+https://github.com/inspect-js/is-finalizationregistry.git","node_modules/is-finalizationregistry"
"server","is-finalizationregistry","1.1.1","MIT","false","https://github.com/inspect-js/is-finalizationregistry#readme","git+https://github.com/inspect-js/is-finalizationregistry.git","server/node_modules/is-finalizationregistry"
"client","is-finite","1.1.0","MIT","false","","sindresorhus/is-finite","node_modules/is-finite"
"client","is-fullwidth-code-point","3.0.0","MIT","false","","sindresorhus/is-fullwidth-code-point","node_modules/is-fullwidth-code-point"
"server","is-fullwidth-code-point","2.0.0","MIT","false","","sindresorhus/is-fullwidth-code-point","server/node_modules/is-fullwidth-code-point"
"client","is-function","1.0.2","MIT","false","https://github.com/grncdr/js-is-function","git://github.com/grncdr/js-is-function.git","node_modules/is-function"
"client","is-generator-fn","2.1.0","MIT","false","","sindresorhus/is-generator-fn","node_modules/is-generator-fn"
"server","is-generator-fn","2.1.0","MIT","false","","sindresorhus/is-generator-fn","server/node_modules/is-generator-fn"
"client","is-generator-function","1.1.2","MIT","false","","git://github.com/inspect-js/is-generator-function.git","node_modules/is-generator-function"
"server","is-generator-function","1.1.2","MIT","false","","git://github.com/inspect-js/is-generator-function.git","server/node_modules/is-generator-function"
"client","is-glob","4.0.3","MIT","false","https://github.com/micromatch/is-glob","micromatch/is-glob","node_modules/is-glob"
"server","is-glob","4.0.1","MIT","false","https://github.com/micromatch/is-glob","micromatch/is-glob","server/node_modules/is-glob"
"client","is-installed-globally","0.1.0","MIT","false","","sindresorhus/is-installed-globally","node_modules/is-installed-globally"
"client","is-interactive","1.0.0","MIT","false","","sindresorhus/is-interactive","node_modules/is-interactive"
"client","is-map","2.0.3","MIT","false","https://github.com/inspect-js/is-map#readme","git+https://github.com/inspect-js/is-map.git","node_modules/is-map"
"server","is-map","2.0.3","MIT","false","https://github.com/inspect-js/is-map#readme","git+https://github.com/inspect-js/is-map.git","server/node_modules/is-map"
"client","is-negative-zero","2.0.3","MIT","false","https://github.com/inspect-js/is-negative-zero","git://github.com/inspect-js/is-negative-zero.git","node_modules/is-negative-zero"
"server","is-negative-zero","2.0.3","MIT","false","https://github.com/inspect-js/is-negative-zero","git://github.com/inspect-js/is-negative-zero.git","server/node_modules/is-negative-zero"
"client","is-npm","1.0.0","MIT","false","","sindresorhus/is-npm","node_modules/is-npm"
"client","is-number","7.0.0","MIT","false","https://github.com/jonschlinkert/is-number","jonschlinkert/is-number","node_modules/is-number"
"client","is-number-object","1.1.1","MIT","false","https://github.com/inspect-js/is-number-object#readme","git://github.com/inspect-js/is-number-object.git","node_modules/is-number-object"
"server","is-number-object","1.1.1","MIT","false","https://github.com/inspect-js/is-number-object#readme","git://github.com/inspect-js/is-number-object.git","server/node_modules/is-number-object"
"client","is-obj","1.0.1","MIT","false","","sindresorhus/is-obj","node_modules/is-obj"
"client","is-observable","0.2.0","MIT","false","","sindresorhus/is-observable","node_modules/is-observable"
"client","is-path-inside","1.0.1","MIT","false","","sindresorhus/is-path-inside","node_modules/is-path-inside"
"client","is-plain-obj","3.0.0","MIT","false","","sindresorhus/is-plain-obj","node_modules/is-plain-obj"
"client","is-plain-object","2.0.4","MIT","false","https://github.com/jonschlinkert/is-plain-object","jonschlinkert/is-plain-object","node_modules/is-plain-object"
"client","is-potential-custom-element-name","1.0.1","MIT","false","https://github.com/mathiasbynens/is-potential-custom-element-name","https://github.com/mathiasbynens/is-potential-custom-element-name.git","node_modules/is-potential-custom-element-name"
"client","is-promise","2.2.2","MIT","false","","https://github.com/then/is-promise.git","node_modules/is-promise"
"client","is-redirect","1.0.0","MIT","false","","sindresorhus/is-redirect","node_modules/is-redirect"
"client","is-regex","1.2.1","MIT","false","https://github.com/inspect-js/is-regex","git://github.com/inspect-js/is-regex.git","node_modules/is-regex"
"server","is-regex","1.2.1","MIT","false","https://github.com/inspect-js/is-regex","git://github.com/inspect-js/is-regex.git","server/node_modules/is-regex"
"client","is-regexp","1.0.0","MIT","false","","sindresorhus/is-regexp","node_modules/is-regexp"
"client","is-retry-allowed","1.2.0","MIT","false","","floatdrop/is-retry-allowed","node_modules/is-retry-allowed"
"client","is-set","2.0.3","MIT","false","https://github.com/inspect-js/is-set#readme","git+https://github.com/inspect-js/is-set.git","node_modules/is-set"
"server","is-set","2.0.3","MIT","false","https://github.com/inspect-js/is-set#readme","git+https://github.com/inspect-js/is-set.git","server/node_modules/is-set"
"client","is-shared-array-buffer","1.0.4","MIT","false","https://github.com/inspect-js/is-shared-array-buffer#readme","git+https://github.com/inspect-js/is-shared-array-buffer.git","node_modules/is-shared-array-buffer"
"server","is-shared-array-buffer","1.0.4","MIT","false","https://github.com/inspect-js/is-shared-array-buffer#readme","git+https://github.com/inspect-js/is-shared-array-buffer.git","server/node_modules/is-shared-array-buffer"
"client","is-ssh","1.4.1","MIT","false","https://github.com/IonicaBizau/node-is-ssh","git@github.com:IonicaBizau/node-is-ssh.git","node_modules/is-ssh"
"client","is-stream","1.1.0","MIT","false","","sindresorhus/is-stream","node_modules/is-stream"
"client","is-string","1.1.1","MIT","false","","git://github.com/inspect-js/is-string.git","node_modules/is-string"
"server","is-string","1.1.1","MIT","false","","git://github.com/inspect-js/is-string.git","server/node_modules/is-string"
"client","is-symbol","1.1.1","MIT","false","","git://github.com/inspect-js/is-symbol.git","node_modules/is-symbol"
"server","is-symbol","1.1.1","MIT","false","","git://github.com/inspect-js/is-symbol.git","server/node_modules/is-symbol"
"client","is-typed-array","1.1.15","MIT","false","","git://github.com/inspect-js/is-typed-array.git","node_modules/is-typed-array"
"server","is-typed-array","1.1.15","MIT","false","","git://github.com/inspect-js/is-typed-array.git","server/node_modules/is-typed-array"
"client","is-typedarray","1.0.0","MIT","false","https://github.com/hughsk/is-typedarray","git://github.com/hughsk/is-typedarray.git","node_modules/is-typedarray"
"server","is-typedarray","1.0.0","MIT","false","https://github.com/hughsk/is-typedarray","git://github.com/hughsk/is-typedarray.git","server/node_modules/is-typedarray"
"client","is-unicode-supported","0.1.0","MIT","false","","sindresorhus/is-unicode-supported","node_modules/is-unicode-supported"
"client","is-weakmap","2.0.2","MIT","false","https://github.com/inspect-js/is-weakmap#readme","git+https://github.com/inspect-js/is-weakmap.git","node_modules/is-weakmap"
"server","is-weakmap","2.0.2","MIT","false","https://github.com/inspect-js/is-weakmap#readme","git+https://github.com/inspect-js/is-weakmap.git","server/node_modules/is-weakmap"
"client","is-weakref","1.1.1","MIT","false","https://github.com/inspect-js/is-weakref#readme","git+https://github.com/inspect-js/is-weakref.git","node_modules/is-weakref"
"server","is-weakref","1.1.1","MIT","false","https://github.com/inspect-js/is-weakref#readme","git+https://github.com/inspect-js/is-weakref.git","server/node_modules/is-weakref"
"client","is-weakset","2.0.4","MIT","false","https://github.com/inspect-js/is-weakset#readme","git+https://github.com/inspect-js/is-weakset.git","node_modules/is-weakset"
"server","is-weakset","2.0.4","MIT","false","https://github.com/inspect-js/is-weakset#readme","git+https://github.com/inspect-js/is-weakset.git","server/node_modules/is-weakset"
"client","is-windows","1.0.2","MIT","false","https://github.com/jonschlinkert/is-windows","jonschlinkert/is-windows","node_modules/is-windows"
"client","is-wsl","2.2.0","MIT","false","","sindresorhus/is-wsl","node_modules/is-wsl"
"client","isarray","1.0.0","MIT","false","https://github.com/juliangruber/isarray","git://github.com/juliangruber/isarray.git","node_modules/isarray"
"server","isarray","1.0.0","MIT","false","https://github.com/juliangruber/isarray","git://github.com/juliangruber/isarray.git","server/node_modules/isarray"
"client","isobject","3.0.1","MIT","false","https://github.com/jonschlinkert/isobject","jonschlinkert/isobject","node_modules/isobject"
"server","isstream","0.1.2","MIT","false","https://github.com/rvagg/isstream","https://github.com/rvagg/isstream.git","server/node_modules/isstream"
"client","iterall","1.3.0","MIT","false","https://github.com/leebyron/iterall","github:leebyron/iterall","node_modules/iterall"
"server","iterall","1.3.0","MIT","false","https://github.com/leebyron/iterall","github:leebyron/iterall","server/node_modules/iterall"
"client","java-properties","1.0.2","MIT","false","http://github.com/mattdsteele/java-properties","https://github.com/mattdsteele/java-properties.git","node_modules/java-properties"
"client","javascript-stringify","2.1.0","MIT","false","https://github.com/blakeembrey/javascript-stringify","https://github.com/blakeembrey/javascript-stringify.git","node_modules/javascript-stringify"
"client","jest","27.5.1","MIT","false","https://jestjs.io/","https://github.com/facebook/jest","node_modules/jest"
"server","jest","29.7.0","MIT","true","https://jestjs.io/","https://github.com/jestjs/jest.git","server/node_modules/jest"
"client","jest-changed-files","27.5.1","MIT","false","","https://github.com/facebook/jest.git","node_modules/jest-changed-files"
"server","jest-changed-files","29.7.0","MIT","false","","https://github.com/jestjs/jest.git","server/node_modules/jest-changed-files"
"client","jest-circus","27.5.1","MIT","false","","https://github.com/facebook/jest.git","node_modules/jest-circus"
"server","jest-circus","29.7.0","MIT","false","","https://github.com/jestjs/jest.git","server/node_modules/jest-circus"
"client","jest-cli","27.5.1","MIT","false","https://jestjs.io/","https://github.com/facebook/jest","node_modules/jest-cli"
"server","jest-cli","29.7.0","MIT","false","https://jestjs.io/","https://github.com/jestjs/jest.git","server/node_modules/jest-cli"
"client","jest-config","27.5.1","MIT","false","","https://github.com/facebook/jest.git","node_modules/jest-config"
"server","jest-config","29.7.0","MIT","false","","https://github.com/jestjs/jest.git","server/node_modules/jest-config"
"client","jest-diff","27.5.1","MIT","false","","https://github.com/facebook/jest.git","node_modules/jest-diff"
"server","jest-diff","29.7.0","MIT","false","","https://github.com/jestjs/jest.git","server/node_modules/jest-diff"
"client","jest-docblock","27.5.1","MIT","false","","https://github.com/facebook/jest.git","node_modules/jest-docblock"
"server","jest-docblock","29.7.0","MIT","false","","https://github.com/jestjs/jest.git","server/node_modules/jest-docblock"
"client","jest-each","27.5.1","MIT","false","","https://github.com/facebook/jest.git","node_modules/jest-each"
"server","jest-each","29.7.0","MIT","false","","https://github.com/jestjs/jest.git","server/node_modules/jest-each"
"client","jest-environment-jsdom","27.5.1","MIT","false","","https://github.com/facebook/jest.git","node_modules/jest-environment-jsdom"
"client","jest-environment-node","27.5.1","MIT","false","","https://github.com/facebook/jest.git","node_modules/jest-environment-node"
"server","jest-environment-node","29.7.0","MIT","false","","https://github.com/jestjs/jest.git","server/node_modules/jest-environment-node"
"client","jest-get-type","27.5.1","MIT","false","","https://github.com/facebook/jest.git","node_modules/jest-get-type"
"server","jest-get-type","29.6.3","MIT","false","","https://github.com/jestjs/jest.git","server/node_modules/jest-get-type"
"client","jest-haste-map","27.5.1","MIT","false","","https://github.com/facebook/jest.git","node_modules/jest-haste-map"
"server","jest-haste-map","29.7.0","MIT","false","","https://github.com/jestjs/jest.git","server/node_modules/jest-haste-map"
"client","jest-jasmine2","27.5.1","MIT","false","","https://github.com/facebook/jest.git","node_modules/jest-jasmine2"
"client","jest-leak-detector","27.5.1","MIT","false","","https://github.com/facebook/jest.git","node_modules/jest-leak-detector"
"server","jest-leak-detector","29.7.0","MIT","false","","https://github.com/jestjs/jest.git","server/node_modules/jest-leak-detector"
"client","jest-matcher-utils","27.5.1","MIT","false","","https://github.com/facebook/jest.git","node_modules/jest-matcher-utils"
"server","jest-matcher-utils","29.7.0","MIT","false","","https://github.com/jestjs/jest.git","server/node_modules/jest-matcher-utils"
"client","jest-message-util","27.5.1","MIT","false","","https://github.com/facebook/jest.git","node_modules/jest-message-util"
"server","jest-message-util","29.7.0","MIT","false","","https://github.com/jestjs/jest.git","server/node_modules/jest-message-util"
"client","jest-mock","27.5.1","MIT","false","","https://github.com/facebook/jest.git","node_modules/jest-mock"
"server","jest-mock","29.7.0","MIT","false","","https://github.com/jestjs/jest.git","server/node_modules/jest-mock"
"client","jest-pnp-resolver","1.2.3","MIT","false","https://github.com/arcanis/jest-pnp-resolver","https://github.com/arcanis/jest-pnp-resolver.git","node_modules/jest-pnp-resolver"
"server","jest-pnp-resolver","1.2.3","MIT","false","https://github.com/arcanis/jest-pnp-resolver","https://github.com/arcanis/jest-pnp-resolver.git","server/node_modules/jest-pnp-resolver"
"client","jest-regex-util","27.5.1","MIT","false","","https://github.com/facebook/jest.git","node_modules/jest-regex-util"
"server","jest-regex-util","29.6.3","MIT","false","","https://github.com/jestjs/jest.git","server/node_modules/jest-regex-util"
"client","jest-resolve","27.5.1","MIT","false","","https://github.com/facebook/jest.git","node_modules/jest-resolve"
"server","jest-resolve","29.7.0","MIT","false","","https://github.com/jestjs/jest.git","server/node_modules/jest-resolve"
"client","jest-resolve-dependencies","27.5.1","MIT","false","","https://github.com/facebook/jest.git","node_modules/jest-resolve-dependencies"
"server","jest-resolve-dependencies","29.7.0","MIT","false","","https://github.com/jestjs/jest.git","server/node_modules/jest-resolve-dependencies"
"client","jest-runner","27.5.1","MIT","false","","https://github.com/facebook/jest.git","node_modules/jest-runner"
"server","jest-runner","29.7.0","MIT","false","","https://github.com/jestjs/jest.git","server/node_modules/jest-runner"
"client","jest-runtime","27.5.1","MIT","false","","https://github.com/facebook/jest.git","node_modules/jest-runtime"
"server","jest-runtime","29.7.0","MIT","false","","https://github.com/jestjs/jest.git","server/node_modules/jest-runtime"
"client","jest-serializer","27.5.1","MIT","false","","https://github.com/facebook/jest.git","node_modules/jest-serializer"
"client","jest-serializer-vue","2.0.2","MIT","true","https://github.com/eddyerburgh/jest-serializer-vue#readme","git+https://github.com/eddyerburgh/jest-serializer-vue.git","node_modules/jest-serializer-vue"
"client","jest-snapshot","27.5.1","MIT","false","","https://github.com/facebook/jest.git","node_modules/jest-snapshot"
"server","jest-snapshot","29.7.0","MIT","false","","https://github.com/jestjs/jest.git","server/node_modules/jest-snapshot"
"client","jest-transform-stub","2.0.0","MIT","true","https://github.com/eddyerburgh/jest-transform-stub#readme","git+https://github.com/eddyerburgh/jest-transform-stub.git","node_modules/jest-transform-stub"
"client","jest-util","27.5.1","MIT","false","","https://github.com/facebook/jest.git","node_modules/jest-util"
"server","jest-util","29.7.0","MIT","false","","https://github.com/jestjs/jest.git","server/node_modules/jest-util"
"client","jest-validate","27.5.1","MIT","false","","https://github.com/facebook/jest.git","node_modules/jest-validate"
"server","jest-validate","29.7.0","MIT","false","","https://github.com/jestjs/jest.git","server/node_modules/jest-validate"
"client","jest-watch-typeahead","1.1.0","MIT","false","https://github.com/jest-community/jest-watch-typeahead","https://github.com/jest-community/jest-watch-typeahead.git","node_modules/jest-watch-typeahead"
"client","jest-watcher","27.5.1","MIT","false","https://jestjs.io/","https://github.com/facebook/jest","node_modules/jest-watcher"
"server","jest-watcher","29.7.0","MIT","false","https://jestjs.io/","https://github.com/jestjs/jest.git","server/node_modules/jest-watcher"
"client","jest-worker","27.5.1","MIT","false","","https://github.com/facebook/jest.git","node_modules/jest-worker"
"server","jest-worker","29.7.0","MIT","false","","https://github.com/jestjs/jest.git","server/node_modules/jest-worker"
"server","jiti","2.7.0","MIT","false","","unjs/jiti","server/node_modules/jiti"
"server","jpeg-exif","1.1.4","MIT","false","https://github.com/zhso/jpeg-exif","https://github.com/zhso/jpeg-exif.git","server/node_modules/jpeg-exif"
"client","js-beautify","1.15.4","MIT","false","https://beautifier.io/","git://github.com/beautifier/js-beautify.git","node_modules/js-beautify"
"client","js-cookie","3.0.7","MIT","false","","git://github.com/js-cookie/js-cookie.git","node_modules/js-cookie"
"client","js-message","1.0.7","MIT","false","https://github.com/RIAEvangelist/js-message#readme","git+https://github.com/RIAEvangelist/js-message.git","node_modules/js-message"
"client","js-tokens","4.0.0","MIT","false","","lydell/js-tokens","node_modules/js-tokens"
"server","js-tokens","4.0.0","MIT","false","","lydell/js-tokens","server/node_modules/js-tokens"
"client","js-yaml","3.14.2","MIT","false","https://github.com/nodeca/js-yaml","nodeca/js-yaml","node_modules/js-yaml"
"server","js-yaml","3.14.2","MIT","false","https://github.com/nodeca/js-yaml","nodeca/js-yaml","server/node_modules/js-yaml"
"server","jsbn","0.1.1","MIT","false","","https://github.com/andyperlitch/jsbn.git","server/node_modules/jsbn"
"client","jsdom","16.7.0","MIT","false","","jsdom/jsdom","node_modules/jsdom"
"client","jsep","1.4.0","MIT","false","https://ericsmekens.github.io/jsep/","https://github.com/EricSmekens/jsep.git","node_modules/jsep"
"client","jsesc","3.1.0","MIT","false","https://mths.be/jsesc","https://github.com/mathiasbynens/jsesc.git","node_modules/jsesc"
"client","json-buffer","3.0.1","MIT","false","https://github.com/dominictarr/json-buffer","git://github.com/dominictarr/json-buffer.git","node_modules/json-buffer"
"client","json-parse-better-errors","1.0.2","MIT","false","","https://github.com/zkat/json-parse-better-errors","node_modules/json-parse-better-errors"
"server","json-parse-better-errors","1.0.2","MIT","false","","https://github.com/zkat/json-parse-better-errors","server/node_modules/json-parse-better-errors"
"client","json-parse-even-better-errors","2.3.1","MIT","false","","https://github.com/npm/json-parse-even-better-errors","node_modules/json-parse-even-better-errors"
"server","json-parse-even-better-errors","2.3.1","MIT","false","","https://github.com/npm/json-parse-even-better-errors","server/node_modules/json-parse-even-better-errors"
"client","json-schema-traverse","0.4.1","MIT","false","https://github.com/epoberezkin/json-schema-traverse#readme","git+https://github.com/epoberezkin/json-schema-traverse.git","node_modules/json-schema-traverse"
"server","json-schema-traverse","0.4.1","MIT","false","https://github.com/epoberezkin/json-schema-traverse#readme","git+https://github.com/epoberezkin/json-schema-traverse.git","server/node_modules/json-schema-traverse"
"client","json-stable-stringify-without-jsonify","1.0.1","MIT","false","https://github.com/samn/json-stable-stringify","git://github.com/samn/json-stable-stringify.git","node_modules/json-stable-stringify-without-jsonify"
"server","json-stable-stringify-without-jsonify","1.0.1","MIT","false","https://github.com/samn/json-stable-stringify","git://github.com/samn/json-stable-stringify.git","server/node_modules/json-stable-stringify-without-jsonify"
"client","json5","2.2.3","MIT","false","http://json5.org/","git+https://github.com/json5/json5.git","node_modules/json5"
"server","json5","2.2.3","MIT","false","http://json5.org/","git+https://github.com/json5/json5.git","server/node_modules/json5"
"client","jsonfile","6.2.1","MIT","false","","git@github.com:jprichardson/node-jsonfile.git","node_modules/jsonfile"
"server","jsonwebtoken","9.0.3","MIT","true","","https://github.com/auth0/node-jsonwebtoken","server/node_modules/jsonwebtoken"
"server","jsprim","1.4.2","MIT","false","","git://github.com/joyent/node-jsprim.git","server/node_modules/jsprim"
"server","jwa","2.0.1","MIT","false","","git://github.com/brianloveswords/node-jwa.git","server/node_modules/jwa"
"server","jws","4.0.1","MIT","false","","git://github.com/brianloveswords/node-jws.git","server/node_modules/jws"
"client","keycode","2.2.1","MIT","false","https://github.com/timoxley/keycode","git://github.com/timoxley/keycode.git","node_modules/keycode"
"client","keyv","4.5.4","MIT","false","https://github.com/jaredwray/keyv","git+https://github.com/jaredwray/keyv.git","node_modules/keyv"
"client","kind-of","3.2.2","MIT","false","https://github.com/jonschlinkert/kind-of","jonschlinkert/kind-of","node_modules/kind-of"
"client","kleur","3.0.3","MIT","false","","lukeed/kleur","node_modules/kleur"
"server","kleur","3.0.3","MIT","false","","lukeed/kleur","server/node_modules/kleur"
"client","klona","2.0.6","MIT","false","","lukeed/klona","node_modules/klona"
"client","ktx-parse","1.1.0","MIT","false","","github:donmccurdy/ktx-parse","node_modules/ktx-parse"
"server","kuler","2.0.0","MIT","false","https://github.com/3rd-Eden/kuler","https://github.com/3rd-Eden/kuler","server/node_modules/kuler"
"client","latest-version","3.1.0","MIT","false","","sindresorhus/latest-version","node_modules/latest-version"
"client","launch-editor","2.13.2","MIT","false","https://github.com/yyx990803/launch-editor#readme","git+https://github.com/yyx990803/launch-editor.git","node_modules/launch-editor"
"client","launch-editor-middleware","2.13.2","MIT","false","https://github.com/yyx990803/launch-editor#readme","git+https://github.com/yyx990803/launch-editor.git","node_modules/launch-editor-middleware"
"client","leven","3.1.0","MIT","false","","sindresorhus/leven","node_modules/leven"
"server","leven","3.1.0","MIT","false","","sindresorhus/leven","server/node_modules/leven"
"client","levn","0.4.1","MIT","false","https://github.com/gkz/levn","git://github.com/gkz/levn.git","node_modules/levn"
"server","levn","0.3.0","MIT","false","https://github.com/gkz/levn","git://github.com/gkz/levn.git","server/node_modules/levn"
"client","lie","3.3.0","MIT","false","","https://github.com/calvinmetcalf/lie.git","node_modules/lie"
"client","lilconfig","2.1.0","MIT","false","","https://github.com/antonk52/lilconfig","node_modules/lilconfig"
"client","lines-and-columns","1.2.4","MIT","false","https://github.com/eventualbuddha/lines-and-columns#readme","https://github.com/eventualbuddha/lines-and-columns.git","node_modules/lines-and-columns"
"server","lines-and-columns","1.2.4","MIT","false","https://github.com/eventualbuddha/lines-and-columns#readme","https://github.com/eventualbuddha/lines-and-columns.git","server/node_modules/lines-and-columns"
"client","lint-staged","6.1.1","MIT","true","","https://github.com/okonet/lint-staged","node_modules/lint-staged"
"client","listr","0.13.0","MIT","false","","SamVerschueren/listr","node_modules/listr"
"client","listr-silent-renderer","1.1.1","MIT","false","","SamVerschueren/listr-silent-renderer","node_modules/listr-silent-renderer"
"client","listr-update-renderer","0.4.0","MIT","false","","SamVerschueren/listr-update-renderer","node_modules/listr-update-renderer"
"client","listr-verbose-renderer","0.4.1","MIT","false","","SamVerschueren/listr-verbose-renderer","node_modules/listr-verbose-renderer"
"client","load-json-file","5.3.0","MIT","false","","sindresorhus/load-json-file","node_modules/load-json-file"
"server","load-json-file","4.0.0","MIT","false","","sindresorhus/load-json-file","server/node_modules/load-json-file"
"client","loader-runner","4.3.2","MIT","false","https://github.com/webpack/loader-runner#readme","git+https://github.com/webpack/loader-runner.git","node_modules/loader-runner"
"client","loader-utils","1.4.2","MIT","false","","https://github.com/webpack/loader-utils.git","node_modules/loader-utils"
"server","locate-path","5.0.0","MIT","false","","sindresorhus/locate-path","server/node_modules/locate-path"
"client","lodash","4.18.1","MIT","false","https://lodash.com/","lodash/lodash","node_modules/lodash"
"server","lodash","4.18.1","MIT","false","https://lodash.com/","lodash/lodash","server/node_modules/lodash"
"server","lodash-es","4.18.1","MIT","false","https://lodash.com/custom-builds","lodash/lodash","server/node_modules/lodash-es"
"client","lodash.debounce","4.0.8","MIT","false","https://lodash.com/","lodash/lodash","node_modules/lodash.debounce"
"server","lodash.defaults","4.2.0","MIT","false","https://lodash.com/","lodash/lodash","server/node_modules/lodash.defaults"
"client","lodash.defaultsdeep","4.6.1","MIT","false","https://lodash.com/","lodash/lodash","node_modules/lodash.defaultsdeep"
"client","lodash.get","4.4.2","MIT","false","https://lodash.com/","lodash/lodash","node_modules/lodash.get"
"client","lodash.identity","3.0.0","MIT","false","https://lodash.com/","lodash/lodash","node_modules/lodash.identity"
"server","lodash.includes","4.3.0","MIT","false","https://lodash.com/","lodash/lodash","server/node_modules/lodash.includes"
"server","lodash.isarguments","3.1.0","MIT","false","https://lodash.com/","lodash/lodash","server/node_modules/lodash.isarguments"
"server","lodash.isboolean","3.0.3","MIT","false","https://lodash.com/","lodash/lodash","server/node_modules/lodash.isboolean"
"server","lodash.isinteger","4.0.4","MIT","false","https://lodash.com/","lodash/lodash","server/node_modules/lodash.isinteger"
"server","lodash.isnumber","3.0.3","MIT","false","https://lodash.com/","lodash/lodash","server/node_modules/lodash.isnumber"
"server","lodash.isplainobject","4.0.6","MIT","false","https://lodash.com/","lodash/lodash","server/node_modules/lodash.isplainobject"
"server","lodash.isstring","4.0.1","MIT","false","https://lodash.com/","lodash/lodash","server/node_modules/lodash.isstring"
"client","lodash.kebabcase","4.1.1","MIT","false","https://lodash.com/","lodash/lodash","node_modules/lodash.kebabcase"
"client","lodash.mapvalues","4.6.0","MIT","false","https://lodash.com/","lodash/lodash","node_modules/lodash.mapvalues"
"client","lodash.memoize","4.1.2","MIT","false","https://lodash.com/","lodash/lodash","node_modules/lodash.memoize"
"client","lodash.merge","4.6.2","MIT","false","https://lodash.com/","lodash/lodash","node_modules/lodash.merge"
"server","lodash.once","4.1.1","MIT","false","https://lodash.com/","lodash/lodash","server/node_modules/lodash.once"
"client","lodash.pickby","4.6.0","MIT","false","https://lodash.com/","lodash/lodash","node_modules/lodash.pickby"
"client","lodash.sortby","4.7.0","MIT","false","https://lodash.com/","lodash/lodash","node_modules/lodash.sortby"
"server","lodash.sortby","4.7.0","MIT","false","https://lodash.com/","lodash/lodash","server/node_modules/lodash.sortby"
"client","lodash.truncate","4.4.2","MIT","false","https://lodash.com/","lodash/lodash","node_modules/lodash.truncate"
"client","lodash.uniq","4.5.0","MIT","false","https://lodash.com/","lodash/lodash","node_modules/lodash.uniq"
"client","lodash.xorby","4.7.0","MIT","false","https://lodash.com/","lodash/lodash","node_modules/lodash.xorby"
"client","log-symbols","2.2.0","MIT","false","","sindresorhus/log-symbols","node_modules/log-symbols"
"client","log-update","1.0.2","MIT","false","","sindresorhus/log-update","node_modules/log-update"
"server","logform","2.7.0","MIT","false","https://github.com/winstonjs/logform#readme","git+https://github.com/winstonjs/logform.git","server/node_modules/logform"
"client","loglevel","1.9.2","MIT","false","https://github.com/pimterry/loglevel","git://github.com/pimterry/loglevel.git","node_modules/loglevel"
"server","loglevel","1.9.2","MIT","false","https://github.com/pimterry/loglevel","git://github.com/pimterry/loglevel.git","server/node_modules/loglevel"
"server","long-timeout","0.1.1","MIT","false","https://github.com/tellnes/long-timeout","git://github.com/tellnes/long-timeout.git","server/node_modules/long-timeout"
"client","loose-envify","1.4.0","MIT","false","https://github.com/zertosh/loose-envify","git://github.com/zertosh/loose-envify.git","node_modules/loose-envify"
"client","lower-case","2.0.2","MIT","false","https://github.com/blakeembrey/change-case/tree/master/packages/lower-case#readme","git://github.com/blakeembrey/change-case.git","node_modules/lower-case"
"client","lowercase-keys","1.0.1","MIT","false","","sindresorhus/lowercase-keys","node_modules/lowercase-keys"
"server","luxon","3.7.2","MIT","false","","https://github.com/moment/luxon","server/node_modules/luxon"
"client","magic-string","0.30.21","MIT","false","","git+https://github.com/Rich-Harris/magic-string.git","node_modules/magic-string"
"client","make-dir","3.1.0","MIT","false","","sindresorhus/make-dir","node_modules/make-dir"
"server","make-dir","4.0.0","MIT","false","","sindresorhus/make-dir","server/node_modules/make-dir"
"client","map-cache","0.2.2","MIT","false","https://github.com/jonschlinkert/map-cache","jonschlinkert/map-cache","node_modules/map-cache"
"client","map-visit","1.0.0","MIT","false","https://github.com/jonschlinkert/map-visit","jonschlinkert/map-visit","node_modules/map-visit"
"client","matcher","3.0.0","MIT","false","","sindresorhus/matcher","node_modules/matcher"
"client","math-intrinsics","1.1.0","MIT","false","https://github.com/es-shims/math-intrinsics#readme","git+https://github.com/es-shims/math-intrinsics.git","node_modules/math-intrinsics"
"server","math-intrinsics","1.1.0","MIT","false","https://github.com/es-shims/math-intrinsics#readme","git+https://github.com/es-shims/math-intrinsics.git","server/node_modules/math-intrinsics"
"client","media-typer","0.3.0","MIT","false","","jshttp/media-typer","node_modules/media-typer"
"server","media-typer","0.3.0","MIT","false","","jshttp/media-typer","server/node_modules/media-typer"
"client","memorystream","0.3.1","MIT","false","https://github.com/JSBizon/node-memorystream","https://github.com/JSBizon/node-memorystream.git","node_modules/memorystream"
"server","memorystream","0.3.1","MIT","false","https://github.com/JSBizon/node-memorystream","https://github.com/JSBizon/node-memorystream.git","server/node_modules/memorystream"
"client","merge-descriptors","1.0.3","MIT","false","","sindresorhus/merge-descriptors","node_modules/merge-descriptors"
"server","merge-descriptors","1.0.3","MIT","false","","sindresorhus/merge-descriptors","server/node_modules/merge-descriptors"
"client","merge-source-map","1.1.0","MIT","false","","git+https://github.com/keik/merge-source-map.git","node_modules/merge-source-map"
"client","merge-stream","2.0.0","MIT","false","","grncdr/merge-stream","node_modules/merge-stream"
"server","merge-stream","2.0.0","MIT","false","","grncdr/merge-stream","server/node_modules/merge-stream"
"client","merge2","1.4.1","MIT","false","https://github.com/teambition/merge2","git@github.com:teambition/merge2.git","node_modules/merge2"
"client","mersenne-twister","1.1.0","MIT","false","https://github.com/boo1ean/mersenne-twister","git://github.com/boo1ean/mersenne-twister.git","node_modules/mersenne-twister"
"client","meshoptimizer","1.1.1","MIT","false","https://github.com/zeux/meshoptimizer","https://github.com/zeux/meshoptimizer","node_modules/meshoptimizer"
"client","methods","1.1.2","MIT","false","","jshttp/methods","node_modules/methods"
"server","methods","1.1.2","MIT","false","","jshttp/methods","server/node_modules/methods"
"client","micromatch","4.0.8","MIT","false","https://github.com/micromatch/micromatch","micromatch/micromatch","node_modules/micromatch"
"server","micromatch","4.0.8","MIT","false","https://github.com/micromatch/micromatch","micromatch/micromatch","server/node_modules/micromatch"
"client","milsymbol","1.3.3","MIT","true","https://github.com/spatialillusions/milsymbol","https://github.com/spatialillusions/milsymbol","node_modules/milsymbol"
"client","mime","1.6.0","MIT","false","","https://github.com/broofa/node-mime","node_modules/mime"
"server","mime","1.6.0","MIT","false","","https://github.com/broofa/node-mime","server/node_modules/mime"
"client","mime-db","1.52.0","MIT","false","","jshttp/mime-db","node_modules/mime-db"
"server","mime-db","1.52.0","MIT","false","","jshttp/mime-db","server/node_modules/mime-db"
"client","mime-types","2.1.35","MIT","false","","jshttp/mime-types","node_modules/mime-types"
"server","mime-types","2.1.35","MIT","true","","jshttp/mime-types","server/node_modules/mime-types"
"client","mimic-fn","1.2.0","MIT","false","","sindresorhus/mimic-fn","node_modules/mimic-fn"
"server","mimic-fn","2.1.0","MIT","false","","sindresorhus/mimic-fn","server/node_modules/mimic-fn"
"client","min-document","2.19.2","MIT","false","https://github.com/Raynos/min-document","git://github.com/Raynos/min-document.git","node_modules/min-document"
"client","mini-css-extract-plugin","2.10.2","MIT","false","https://github.com/webpack/mini-css-extract-plugin","webpack/mini-css-extract-plugin","node_modules/mini-css-extract-plugin"
"client","minimist","1.2.8","MIT","false","https://github.com/minimistjs/minimist","git://github.com/minimistjs/minimist.git","node_modules/minimist"
"server","minimist","1.2.8","MIT","false","https://github.com/minimistjs/minimist","git://github.com/minimistjs/minimist.git","server/node_modules/minimist"
"client","mixin-deep","1.3.2","MIT","false","https://github.com/jonschlinkert/mixin-deep","jonschlinkert/mixin-deep","node_modules/mixin-deep"
"client","mkdirp","0.5.6","MIT","false","","https://github.com/substack/node-mkdirp.git","node_modules/mkdirp"
"server","mkdirp","0.5.6","MIT","false","","https://github.com/substack/node-mkdirp.git","server/node_modules/mkdirp"
"client","module-alias","2.3.4","MIT","false","https://github.com/ilearnio/module-alias","git+https://github.com/ilearnio/module-alias.git","node_modules/module-alias"
"client","moment","2.30.1","MIT","true","https://momentjs.com","https://github.com/moment/moment.git","node_modules/moment"
"server","moment","2.30.1","MIT","false","https://momentjs.com","https://github.com/moment/moment.git","server/node_modules/moment"
"client","moment-timezone","0.5.48","MIT","true","http://momentjs.com/timezone/","https://github.com/moment/moment-timezone.git","node_modules/moment-timezone"
"server","moment-timezone","0.5.48","MIT","true","http://momentjs.com/timezone/","https://github.com/moment/moment-timezone.git","server/node_modules/moment-timezone"
"client","mrmime","2.0.1","MIT","false","","lukeed/mrmime","node_modules/mrmime"
"client","ms","2.1.3","MIT","false","","vercel/ms","node_modules/ms"
"server","ms","2.0.0","MIT","false","","zeit/ms","server/node_modules/ms"
"server","msgpackr","1.11.12","MIT","false","","http://github.com/kriszyp/msgpackr","server/node_modules/msgpackr"
"server","msgpackr-extract","3.0.3","MIT","false","","http://github.com/kriszyp/msgpackr-extract","server/node_modules/msgpackr-extract"
"client","multicast-dns","7.2.5","MIT","false","https://github.com/mafintosh/multicast-dns","https://github.com/mafintosh/multicast-dns.git","node_modules/multicast-dns"
"client","mz","2.7.0","MIT","false","","normalize/mz","node_modules/mz"
"server","nan","2.27.0","MIT","false","","git://github.com/nodejs/nan.git","server/node_modules/nan"
"server","nanoclone","0.2.1","MIT","false","","https://github.com/kelin2025/nanoclone","server/node_modules/nanoclone"
"client","nanoid","3.3.12","MIT","false","","ai/nanoid","node_modules/nanoid"
"client","nanomatch","1.2.13","MIT","false","https://github.com/micromatch/nanomatch","micromatch/nanomatch","node_modules/nanomatch"
"client","natural-compare","1.4.0","MIT","false","","git://github.com/litejs/natural-compare-lite.git","node_modules/natural-compare"
"server","natural-compare","1.4.0","MIT","false","","git://github.com/litejs/natural-compare-lite.git","server/node_modules/natural-compare"
"client","natural-orderby","2.0.3","MIT","false","https://yobacca.github.io/natural-orderby","https://github.com/yobacca/natural-orderby.git","node_modules/natural-orderby"
"server","needle","2.9.1","MIT","false","","https://github.com/tomas/needle.git","server/node_modules/needle"
"client","negotiator","0.6.3","MIT","false","","jshttp/negotiator","node_modules/negotiator"
"server","negotiator","0.6.3","MIT","false","","jshttp/negotiator","server/node_modules/negotiator"
"client","neo-async","2.6.2","MIT","false","https://github.com/suguru03/neo-async","git@github.com:suguru03/neo-async.git","node_modules/neo-async"
"server","neo-async","2.6.2","MIT","false","https://github.com/suguru03/neo-async","git@github.com:suguru03/neo-async.git","server/node_modules/neo-async"
"client","ngeohash","0.6.3","MIT","true","","https://github.com/sunng87/node-geohash","node_modules/ngeohash"
"server","ngeohash","0.6.3","MIT","true","","https://github.com/sunng87/node-geohash","server/node_modules/ngeohash"
"client","nice-try","1.0.5","MIT","false","https://github.com/electerious/nice-try","https://github.com/electerious/nice-try.git","node_modules/nice-try"
"server","nice-try","1.0.5","MIT","false","https://github.com/electerious/nice-try","https://github.com/electerious/nice-try.git","server/node_modules/nice-try"
"client","no-case","3.0.4","MIT","false","https://github.com/blakeembrey/change-case/tree/master/packages/no-case#readme","git://github.com/blakeembrey/change-case.git","node_modules/no-case"
"client","node-addon-api","1.7.2","MIT","false","https://github.com/nodejs/node-addon-api","git://github.com/nodejs/node-addon-api.git","node_modules/node-addon-api"
"client","node-cache","4.2.1","MIT","false","https://github.com/mpneuried/nodecache","git://github.com/mpneuried/nodecache.git","node_modules/node-cache"
"client","node-fetch","2.7.0","MIT","false","https://github.com/bitinn/node-fetch","https://github.com/bitinn/node-fetch.git","node_modules/node-fetch"
"server","node-fetch","2.7.0","MIT","true","https://github.com/bitinn/node-fetch","https://github.com/bitinn/node-fetch.git","server/node_modules/node-fetch"
"server","node-fetch-native","1.6.7","MIT","false","","unjs/node-fetch-native","server/node_modules/node-fetch-native"
"server","node-gyp-build-optional-packages","5.2.2","MIT","false","https://github.com/prebuild/node-gyp-build","https://github.com/prebuild/node-gyp-build.git","server/node_modules/node-gyp-build-optional-packages"
"client","node-int64","0.4.0","MIT","false","","https://github.com/broofa/node-int64","node_modules/node-int64"
"server","node-int64","0.4.0","MIT","false","","https://github.com/broofa/node-int64","server/node_modules/node-int64"
"client","node-releases","2.0.46","MIT","false","","https://github.com/chicoxyzzy/node-releases.git","node_modules/node-releases"
"server","node-releases","2.0.46","MIT","false","","https://github.com/chicoxyzzy/node-releases.git","server/node_modules/node-releases"
"server","node-schedule","2.1.1","MIT","true","","https://github.com/node-schedule/node-schedule.git","server/node_modules/node-schedule"
"client","nodemon","1.19.4","MIT","false","http://nodemon.io","https://github.com/remy/nodemon.git","node_modules/nodemon"
"server","nodemon","3.1.14","MIT","true","https://nodemon.io","https://github.com/remy/nodemon.git","server/node_modules/nodemon"
"client","normalize-path","3.0.0","MIT","false","https://github.com/jonschlinkert/normalize-path","jonschlinkert/normalize-path","node_modules/normalize-path"
"server","normalize-path","3.0.0","MIT","false","https://github.com/jonschlinkert/normalize-path","jonschlinkert/normalize-path","server/node_modules/normalize-path"
"client","normalize-url","6.1.0","MIT","false","","sindresorhus/normalize-url","node_modules/normalize-url"
"client","nosleep.js","0.12.0","MIT","false","https://github.com/richtr/NoSleep.js","https://github.com/richtr/NoSleep.js.git","node_modules/nosleep.js"
"client","npm-path","2.0.4","MIT","false","https://github.com/timoxley/npm-path","https://github.com/timoxley/npm-path.git","node_modules/npm-path"
"client","npm-run-all","4.1.5","MIT","true","https://github.com/mysticatea/npm-run-all","mysticatea/npm-run-all","node_modules/npm-run-all"
"server","npm-run-all","4.1.5","MIT","true","https://github.com/mysticatea/npm-run-all","mysticatea/npm-run-all","server/node_modules/npm-run-all"
"client","npm-run-path","2.0.2","MIT","false","","sindresorhus/npm-run-path","node_modules/npm-run-path"
"server","npm-run-path","4.0.1","MIT","false","","sindresorhus/npm-run-path","server/node_modules/npm-run-path"
"client","npm-which","3.0.1","MIT","false","https://github.com/timoxley/npm-which","https://github.com/timoxley/npm-which.git","node_modules/npm-which"
"client","number-is-nan","1.0.1","MIT","false","","sindresorhus/number-is-nan","node_modules/number-is-nan"
"server","number-is-nan","1.0.1","MIT","false","","sindresorhus/number-is-nan","server/node_modules/number-is-nan"
"client","numeral","2.0.6","MIT","true","http://numeraljs.com","https://github.com/adamwdraper/Numeral-js","node_modules/numeral"
"client","nwsapi","2.2.23","MIT","false","https://javascript.nwbox.com/nwsapi/","git://github.com/dperini/nwsapi.git","node_modules/nwsapi"
"server","nypm","0.6.6","MIT","false","","unjs/nypm","server/node_modules/nypm"
"client","object-assign","4.1.1","MIT","false","","sindresorhus/object-assign","node_modules/object-assign"
"server","object-assign","4.1.1","MIT","false","","sindresorhus/object-assign","server/node_modules/object-assign"
"client","object-copy","0.1.0","MIT","false","https://github.com/jonschlinkert/object-copy","jonschlinkert/object-copy","node_modules/object-copy"
"server","object-hash","3.0.0","MIT","false","https://github.com/puleos/object-hash","https://github.com/puleos/object-hash","server/node_modules/object-hash"
"client","object-inspect","1.13.4","MIT","false","https://github.com/inspect-js/object-inspect","git://github.com/inspect-js/object-inspect.git","node_modules/object-inspect"
"server","object-inspect","1.13.4","MIT","false","https://github.com/inspect-js/object-inspect","git://github.com/inspect-js/object-inspect.git","server/node_modules/object-inspect"
"server","object-is","1.1.6","MIT","false","https://github.com/es-shims/object-is","git://github.com/es-shims/object-is.git","server/node_modules/object-is"
"client","object-keys","1.1.1","MIT","false","","git://github.com/ljharb/object-keys.git","node_modules/object-keys"
"server","object-keys","1.1.1","MIT","false","","git://github.com/ljharb/object-keys.git","server/node_modules/object-keys"
"client","object-path","0.11.8","MIT","false","https://github.com/mariocasciaro/object-path","git://github.com/mariocasciaro/object-path.git","node_modules/object-path"
"client","object-treeify","1.1.33","MIT","false","https://github.com/blackflux/object-treeify#readme","https://github.com/blackflux/object-treeify.git","node_modules/object-treeify"
"client","object-visit","1.0.1","MIT","false","https://github.com/jonschlinkert/object-visit","jonschlinkert/object-visit","node_modules/object-visit"
"client","object.assign","4.1.7","MIT","false","","git://github.com/ljharb/object.assign.git","node_modules/object.assign"
"server","object.assign","4.1.7","MIT","false","","git://github.com/ljharb/object.assign.git","server/node_modules/object.assign"
"client","object.getownpropertydescriptors","2.1.9","MIT","false","","git://github.com/es-shims/object.getownpropertydescriptors.git","node_modules/object.getownpropertydescriptors"
"client","object.pick","1.3.0","MIT","false","https://github.com/jonschlinkert/object.pick","jonschlinkert/object.pick","node_modules/object.pick"
"client","obuf","1.1.2","MIT","false","https://github.com/indutny/offset-buffer","git@github.com:indutny/offset-buffer","node_modules/obuf"
"server","offline-geocoder","1.0.0","MIT","true","","https://github.com/lucaspiller/offline-geocoder","server/node_modules/offline-geocoder"
"server","ohash","2.0.11","MIT","false","","unjs/ohash","server/node_modules/ohash"
"client","on-finished","2.4.1","MIT","false","","jshttp/on-finished","node_modules/on-finished"
"server","on-finished","2.4.1","MIT","false","","jshttp/on-finished","server/node_modules/on-finished"
"client","on-headers","1.1.0","MIT","false","","jshttp/on-headers","node_modules/on-headers"
"server","one-time","1.0.0","MIT","false","","https://github.com/3rd-Eden/one-time.git","server/node_modules/one-time"
"client","onetime","1.1.0","MIT","false","","sindresorhus/onetime","node_modules/onetime"
"server","onetime","5.1.2","MIT","false","","sindresorhus/onetime","server/node_modules/onetime"
"client","open","8.4.2","MIT","false","","sindresorhus/open","node_modules/open"
"client","optimism","0.10.3","MIT","false","https://github.com/benjamn/optimism#readme","git+https://github.com/benjamn/optimism.git","node_modules/optimism"
"client","optionator","0.9.4","MIT","false","https://github.com/gkz/optionator","git://github.com/gkz/optionator.git","node_modules/optionator"
"server","optionator","0.8.3","MIT","false","https://github.com/gkz/optionator","git://github.com/gkz/optionator.git","server/node_modules/optionator"
"client","ora","5.4.1","MIT","false","","sindresorhus/ora","node_modules/ora"
"server","os-homedir","1.0.2","MIT","false","","sindresorhus/os-homedir","server/node_modules/os-homedir"
"server","os-tmpdir","1.0.2","MIT","false","","sindresorhus/os-tmpdir","server/node_modules/os-tmpdir"
"client","own-keys","1.0.1","MIT","false","https://github.com/ljharb/own-keys#readme","git+https://github.com/ljharb/own-keys.git","node_modules/own-keys"
"server","own-keys","1.0.1","MIT","false","https://github.com/ljharb/own-keys#readme","git+https://github.com/ljharb/own-keys.git","server/node_modules/own-keys"
"client","p-finally","1.0.0","MIT","false","","sindresorhus/p-finally","node_modules/p-finally"
"server","p-limit","2.3.0","MIT","false","","sindresorhus/p-limit","server/node_modules/p-limit"
"server","p-locate","4.1.0","MIT","false","","sindresorhus/p-locate","server/node_modules/p-locate"
"client","p-map","1.2.0","MIT","false","","sindresorhus/p-map","node_modules/p-map"
"client","p-retry","4.6.2","MIT","false","","sindresorhus/p-retry","node_modules/p-retry"
"server","p-try","2.2.0","MIT","false","","sindresorhus/p-try","server/node_modules/p-try"
"client","package-json","4.0.1","MIT","false","","sindresorhus/package-json","node_modules/package-json"
"client","param-case","3.0.4","MIT","false","https://github.com/blakeembrey/change-case/tree/master/packages/param-case#readme","git://github.com/blakeembrey/change-case.git","node_modules/param-case"
"client","parent-module","1.0.1","MIT","false","","sindresorhus/parent-module","node_modules/parent-module"
"server","parent-module","1.0.1","MIT","false","","sindresorhus/parent-module","server/node_modules/parent-module"
"client","parse-json","5.2.0","MIT","false","","sindresorhus/parse-json","node_modules/parse-json"
"server","parse-json","4.0.0","MIT","false","","sindresorhus/parse-json","server/node_modules/parse-json"
"client","parse-path","4.0.4","MIT","false","https://github.com/IonicaBizau/parse-path","git+https://github.com/IonicaBizau/parse-path.git","node_modules/parse-path"
"client","parse-url","6.0.5","MIT","false","https://github.com/IonicaBizau/parse-url","git+https://github.com/IonicaBizau/parse-url.git","node_modules/parse-url"
"client","parse5","5.1.1","MIT","false","https://github.com/inikulin/parse5","git://github.com/inikulin/parse5.git","node_modules/parse5"
"client","parse5-htmlparser2-tree-adapter","6.0.1","MIT","false","https://github.com/inikulin/parse5","git://github.com/inikulin/parse5.git","node_modules/parse5-htmlparser2-tree-adapter"
"client","parseurl","1.3.3","MIT","false","","pillarjs/parseurl","node_modules/parseurl"
"server","parseurl","1.3.3","MIT","false","","pillarjs/parseurl","server/node_modules/parseurl"
"client","pascal-case","3.1.2","MIT","false","https://github.com/blakeembrey/change-case/tree/master/packages/pascal-case#readme","git://github.com/blakeembrey/change-case.git","node_modules/pascal-case"
"client","pascalcase","0.1.1","MIT","false","https://github.com/jonschlinkert/pascalcase","jonschlinkert/pascalcase","node_modules/pascalcase"
"client","path-case","3.0.4","MIT","false","https://github.com/blakeembrey/change-case/tree/master/packages/path-case#readme","git://github.com/blakeembrey/change-case.git","node_modules/path-case"
"client","path-dirname","1.0.2","MIT","false","","es128/path-dirname","node_modules/path-dirname"
"client","path-exists","3.0.0","MIT","false","","sindresorhus/path-exists","node_modules/path-exists"
"server","path-exists","4.0.0","MIT","false","","sindresorhus/path-exists","server/node_modules/path-exists"
"server","path-expression-matcher","1.5.0","MIT","false","https://github.com/NaturalIntelligence/path-expression-matcher#readme","https://github.com/NaturalIntelligence/path-expression-matcher","server/node_modules/path-expression-matcher"
"client","path-is-absolute","1.0.1","MIT","false","","sindresorhus/path-is-absolute","node_modules/path-is-absolute"
"server","path-is-absolute","1.0.1","MIT","false","","sindresorhus/path-is-absolute","server/node_modules/path-is-absolute"
"client","path-key","3.1.1","MIT","false","","sindresorhus/path-key","node_modules/path-key"
"server","path-key","2.0.1","MIT","false","","sindresorhus/path-key","server/node_modules/path-key"
"client","path-parse","1.0.7","MIT","false","https://github.com/jbgutierrez/path-parse#readme","https://github.com/jbgutierrez/path-parse.git","node_modules/path-parse"
"server","path-parse","1.0.7","MIT","false","https://github.com/jbgutierrez/path-parse#readme","https://github.com/jbgutierrez/path-parse.git","server/node_modules/path-parse"
"client","path-to-regexp","0.1.13","MIT","false","","https://github.com/pillarjs/path-to-regexp.git","node_modules/path-to-regexp"
"server","path-to-regexp","0.1.13","MIT","false","","https://github.com/pillarjs/path-to-regexp.git","server/node_modules/path-to-regexp"
"client","path-type","4.0.0","MIT","false","","sindresorhus/path-type","node_modules/path-type"
"server","pathe","2.0.3","MIT","false","","unjs/pathe","server/node_modules/pathe"
"server","pdfmake","0.2.23","MIT","true","http://pdfmake.org","git://github.com/bpampuch/pdfmake.git","server/node_modules/pdfmake"
"server","perfect-debounce","1.0.0","MIT","false","","unjs/perfect-debounce","server/node_modules/perfect-debounce"
"server","performance-now","2.1.0","MIT","false","https://github.com/braveg1rl/performance-now","git://github.com/braveg1rl/performance-now.git","server/node_modules/performance-now"
"client","picomatch","2.3.2","MIT","false","https://github.com/micromatch/picomatch","micromatch/picomatch","node_modules/picomatch"
"server","picomatch","2.3.2","MIT","false","https://github.com/micromatch/picomatch","micromatch/picomatch","server/node_modules/picomatch"
"client","pidtree","0.3.1","MIT","false","http://github.com/simonepri/pidtree#readme","github:simonepri/pidtree","node_modules/pidtree"
"server","pidtree","0.3.1","MIT","false","http://github.com/simonepri/pidtree#readme","github:simonepri/pidtree","server/node_modules/pidtree"
"client","pify","3.0.0","MIT","false","","sindresorhus/pify","node_modules/pify"
"server","pify","3.0.0","MIT","false","","sindresorhus/pify","server/node_modules/pify"
"client","pirates","4.0.7","MIT","false","https://github.com/danez/pirates#readme","https://github.com/danez/pirates.git","node_modules/pirates"
"server","pirates","4.0.7","MIT","false","https://github.com/danez/pirates#readme","https://github.com/danez/pirates.git","server/node_modules/pirates"
"client","pixelworks","1.1.0","MIT","false","","git://github.com/tschaub/pixelworks.git","node_modules/pixelworks"
"client","pkg-dir","4.2.0","MIT","false","","sindresorhus/pkg-dir","node_modules/pkg-dir"
"server","pkg-dir","4.2.0","MIT","false","","sindresorhus/pkg-dir","server/node_modules/pkg-dir"
"server","pkg-types","2.3.1","MIT","false","","unjs/pkg-types","server/node_modules/pkg-types"
"client","plotly.js-dist","1.58.5","MIT","true","","https://github.com/plotly/plotly.js.git","node_modules/plotly.js-dist"
"client","portfinder","1.0.38","MIT","false","","git@github.com:http-party/node-portfinder.git","node_modules/portfinder"
"client","posix-character-classes","0.1.1","MIT","false","https://github.com/jonschlinkert/posix-character-classes","jonschlinkert/posix-character-classes","node_modules/posix-character-classes"
"client","possible-typed-array-names","1.1.0","MIT","false","https://github.com/ljharb/possible-typed-array-names#readme","git+https://github.com/ljharb/possible-typed-array-names.git","node_modules/possible-typed-array-names"
"server","possible-typed-array-names","1.1.0","MIT","false","https://github.com/ljharb/possible-typed-array-names#readme","git+https://github.com/ljharb/possible-typed-array-names.git","server/node_modules/possible-typed-array-names"
"client","postcss","8.5.15","MIT","false","https://postcss.org/","postcss/postcss","node_modules/postcss"
"client","postcss-calc","8.2.4","MIT","false","","https://github.com/postcss/postcss-calc.git","node_modules/postcss-calc"
"client","postcss-colormin","5.3.1","MIT","false","https://github.com/cssnano/cssnano","cssnano/cssnano","node_modules/postcss-colormin"
"client","postcss-convert-values","5.1.3","MIT","false","https://github.com/cssnano/cssnano","cssnano/cssnano","node_modules/postcss-convert-values"
"client","postcss-discard-comments","5.1.2","MIT","false","https://github.com/cssnano/cssnano","cssnano/cssnano","node_modules/postcss-discard-comments"
"client","postcss-discard-duplicates","5.1.0","MIT","false","https://github.com/cssnano/cssnano","cssnano/cssnano","node_modules/postcss-discard-duplicates"
"client","postcss-discard-empty","5.1.1","MIT","false","https://github.com/cssnano/cssnano","cssnano/cssnano","node_modules/postcss-discard-empty"
"client","postcss-discard-overridden","5.1.0","MIT","false","https://github.com/cssnano/cssnano","cssnano/cssnano","node_modules/postcss-discard-overridden"
"client","postcss-loader","6.2.1","MIT","false","https://github.com/webpack-contrib/postcss-loader","webpack-contrib/postcss-loader","node_modules/postcss-loader"
"client","postcss-merge-longhand","5.1.7","MIT","false","https://github.com/cssnano/cssnano","cssnano/cssnano","node_modules/postcss-merge-longhand"
"client","postcss-merge-rules","5.1.4","MIT","false","https://github.com/cssnano/cssnano","cssnano/cssnano","node_modules/postcss-merge-rules"
"client","postcss-minify-font-values","5.1.0","MIT","false","https://github.com/cssnano/cssnano","cssnano/cssnano","node_modules/postcss-minify-font-values"
"client","postcss-minify-gradients","5.1.1","MIT","false","https://github.com/cssnano/cssnano","cssnano/cssnano","node_modules/postcss-minify-gradients"
"client","postcss-minify-params","5.1.4","MIT","false","https://github.com/cssnano/cssnano","cssnano/cssnano","node_modules/postcss-minify-params"
"client","postcss-minify-selectors","5.2.1","MIT","false","https://github.com/cssnano/cssnano","cssnano/cssnano","node_modules/postcss-minify-selectors"
"client","postcss-modules-local-by-default","4.2.0","MIT","false","","https://github.com/css-modules/postcss-modules-local-by-default.git","node_modules/postcss-modules-local-by-default"
"client","postcss-normalize-charset","5.1.0","MIT","false","https://github.com/cssnano/cssnano","cssnano/cssnano","node_modules/postcss-normalize-charset"
"client","postcss-normalize-display-values","5.1.0","MIT","false","https://github.com/cssnano/cssnano","cssnano/cssnano","node_modules/postcss-normalize-display-values"
"client","postcss-normalize-positions","5.1.1","MIT","false","https://github.com/cssnano/cssnano","cssnano/cssnano","node_modules/postcss-normalize-positions"
"client","postcss-normalize-repeat-style","5.1.1","MIT","false","https://github.com/cssnano/cssnano","cssnano/cssnano","node_modules/postcss-normalize-repeat-style"
"client","postcss-normalize-string","5.1.0","MIT","false","https://github.com/cssnano/cssnano","cssnano/cssnano","node_modules/postcss-normalize-string"
"client","postcss-normalize-timing-functions","5.1.0","MIT","false","https://github.com/cssnano/cssnano","cssnano/cssnano","node_modules/postcss-normalize-timing-functions"
"client","postcss-normalize-unicode","5.1.1","MIT","false","https://github.com/cssnano/cssnano","cssnano/cssnano","node_modules/postcss-normalize-unicode"
"client","postcss-normalize-url","5.1.0","MIT","false","https://github.com/cssnano/cssnano","cssnano/cssnano","node_modules/postcss-normalize-url"
"client","postcss-normalize-whitespace","5.1.1","MIT","false","https://github.com/cssnano/cssnano","cssnano/cssnano","node_modules/postcss-normalize-whitespace"
"client","postcss-ordered-values","5.1.3","MIT","false","https://github.com/cssnano/cssnano","cssnano/cssnano","node_modules/postcss-ordered-values"
"client","postcss-reduce-initial","5.1.2","MIT","false","https://github.com/cssnano/cssnano","cssnano/cssnano","node_modules/postcss-reduce-initial"
"client","postcss-reduce-transforms","5.1.0","MIT","false","https://github.com/cssnano/cssnano","cssnano/cssnano","node_modules/postcss-reduce-transforms"
"client","postcss-selector-parser","6.1.2","MIT","false","https://github.com/postcss/postcss-selector-parser","postcss/postcss-selector-parser","node_modules/postcss-selector-parser"
"client","postcss-svgo","5.1.0","MIT","false","https://github.com/cssnano/cssnano","cssnano/cssnano","node_modules/postcss-svgo"
"client","postcss-unique-selectors","5.1.1","MIT","false","https://github.com/cssnano/cssnano","cssnano/cssnano","node_modules/postcss-unique-selectors"
"client","postcss-value-parser","4.2.0","MIT","false","https://github.com/TrySound/postcss-value-parser","https://github.com/TrySound/postcss-value-parser.git","node_modules/postcss-value-parser"
"client","prelude-ls","1.2.1","MIT","false","http://preludels.com","git://github.com/gkz/prelude-ls.git","node_modules/prelude-ls"
"server","prelude-ls","1.1.2","MIT","false","http://preludels.com","git://github.com/gkz/prelude-ls.git","server/node_modules/prelude-ls"
"client","prepend-http","1.0.4","MIT","false","","sindresorhus/prepend-http","node_modules/prepend-http"
"client","prettier","2.8.8","MIT","false","https://prettier.io","prettier/prettier","node_modules/prettier"
"client","pretty","2.0.0","MIT","false","https://github.com/jonschlinkert/pretty","jonschlinkert/pretty","node_modules/pretty"
"client","pretty-error","4.0.0","MIT","false","","https://github.com/AriaMinaei/pretty-error.git","node_modules/pretty-error"
"client","pretty-format","27.5.1","MIT","false","","https://github.com/facebook/jest.git","node_modules/pretty-format"
"server","pretty-format","29.7.0","MIT","false","","https://github.com/jestjs/jest.git","server/node_modules/pretty-format"
"client","process","0.11.10","MIT","false","","git://github.com/shtylman/node-process.git","node_modules/process"
"client","process-nextick-args","2.0.1","MIT","false","https://github.com/calvinmetcalf/process-nextick-args","https://github.com/calvinmetcalf/process-nextick-args.git","node_modules/process-nextick-args"
"server","process-nextick-args","2.0.1","MIT","false","https://github.com/calvinmetcalf/process-nextick-args","https://github.com/calvinmetcalf/process-nextick-args.git","server/node_modules/process-nextick-args"
"client","progress","2.0.3","MIT","false","","git://github.com/visionmedia/node-progress","node_modules/progress"
"server","progress","2.0.3","MIT","false","","git://github.com/visionmedia/node-progress","server/node_modules/progress"
"client","progress-webpack-plugin","1.0.16","MIT","false","https://github.com/ali322/progress-webpack-plugin#readme","git+https://github.com/ali322/progress-webpack-plugin.git","node_modules/progress-webpack-plugin"
"client","prompts","2.4.2","MIT","false","","terkelg/prompts","node_modules/prompts"
"server","prompts","2.4.2","MIT","false","","terkelg/prompts","server/node_modules/prompts"
"server","property-expr","2.0.6","MIT","false","","https://github.com/jquense/expr/","server/node_modules/property-expr"
"client","protocol-buffers-schema","3.6.1","MIT","false","https://github.com/mafintosh/protocol-buffers-schema","https://github.com/mafintosh/protocol-buffers-schema","node_modules/protocol-buffers-schema"
"client","protocols","2.0.2","MIT","false","https://github.com/IonicaBizau/protocols","git@github.com:IonicaBizau/protocols.git","node_modules/protocols"
"client","proxy-addr","2.0.7","MIT","false","","jshttp/proxy-addr","node_modules/proxy-addr"
"server","proxy-addr","2.0.7","MIT","false","","jshttp/proxy-addr","server/node_modules/proxy-addr"
"client","proxy-from-env","2.1.0","MIT","false","https://github.com/Rob--W/proxy-from-env#readme","git+https://github.com/Rob--W/proxy-from-env.git","node_modules/proxy-from-env"
"server","proxy-from-env","2.1.0","MIT","false","https://github.com/Rob--W/proxy-from-env#readme","git+https://github.com/Rob--W/proxy-from-env.git","server/node_modules/proxy-from-env"
"client","psl","1.15.0","MIT","false","","git@github.com:lupomontero/psl.git","node_modules/psl"
"server","psl","1.15.0","MIT","false","","git@github.com:lupomontero/psl.git","server/node_modules/psl"
"client","pstree.remy","1.1.8","MIT","false","","https://github.com/remy/pstree.git","node_modules/pstree.remy"
"server","pstree.remy","1.1.8","MIT","false","","https://github.com/remy/pstree.git","server/node_modules/pstree.remy"
"client","pump","3.0.4","MIT","false","","git://github.com/mafintosh/pump.git","node_modules/pump"
"client","punycode","2.3.1","MIT","false","https://mths.be/punycode","https://github.com/mathiasbynens/punycode.js.git","node_modules/punycode"
"server","pure-rand","6.1.0","MIT","false","https://github.com/dubzzz/pure-rand#readme","git+https://github.com/dubzzz/pure-rand.git","server/node_modules/pure-rand"
"client","query-string","6.14.1","MIT","false","","sindresorhus/query-string","node_modules/query-string"
"client","querystringify","2.2.0","MIT","false","https://github.com/unshiftio/querystringify","https://github.com/unshiftio/querystringify","node_modules/querystringify"
"client","queue-microtask","1.2.3","MIT","false","https://github.com/feross/queue-microtask","git://github.com/feross/queue-microtask.git","node_modules/queue-microtask"
"server","random-weighted-choice","0.1.4","MIT","true","http://github.com/parmentf/random-weighted-choice","https://github.com/parmentf/random-weighted-choice.git","server/node_modules/random-weighted-choice"
"client","randombytes","2.1.0","MIT","false","https://github.com/crypto-browserify/randombytes","git@github.com:crypto-browserify/randombytes.git","node_modules/randombytes"
"client","range-parser","1.2.1","MIT","false","","jshttp/range-parser","node_modules/range-parser"
"server","range-parser","1.2.1","MIT","false","","jshttp/range-parser","server/node_modules/range-parser"
"client","raw-body","2.5.3","MIT","false","","stream-utils/raw-body","node_modules/raw-body"
"server","raw-body","2.5.3","MIT","false","","stream-utils/raw-body","server/node_modules/raw-body"
"client","rbush","4.0.1","MIT","false","https://github.com/mourner/rbush","git://github.com/mourner/rbush.git","node_modules/rbush"
"server","rc9","2.1.2","MIT","false","","unjs/rc9","server/node_modules/rc9"
"client","react-is","17.0.2","MIT","false","https://reactjs.org/","https://github.com/facebook/react.git","node_modules/react-is"
"server","react-is","18.3.1","MIT","false","https://reactjs.org/","https://github.com/facebook/react.git","server/node_modules/react-is"
"client","read-pkg","5.2.0","MIT","false","","sindresorhus/read-pkg","node_modules/read-pkg"
"server","read-pkg","3.0.0","MIT","false","","sindresorhus/read-pkg","server/node_modules/read-pkg"
"client","read-pkg-up","7.0.1","MIT","false","","sindresorhus/read-pkg-up","node_modules/read-pkg-up"
"client","readable-stream","2.3.8","MIT","false","","git://github.com/nodejs/readable-stream","node_modules/readable-stream"
"server","readable-stream","3.6.2","MIT","false","","git://github.com/nodejs/readable-stream","server/node_modules/readable-stream"
"client","readdirp","3.6.0","MIT","false","https://github.com/paulmillr/readdirp","git://github.com/paulmillr/readdirp.git","node_modules/readdirp"
"server","readdirp","3.6.0","MIT","false","https://github.com/paulmillr/readdirp","git://github.com/paulmillr/readdirp.git","server/node_modules/readdirp"
"client","recast","0.21.5","MIT","false","http://github.com/benjamn/recast","git://github.com/benjamn/recast.git","node_modules/recast"
"client","rechoir","0.6.2","MIT","false","https://github.com/tkellen/node-rechoir","git://github.com/tkellen/node-rechoir.git","node_modules/rechoir"
"client","redeyed","2.1.1","MIT","false","","git://github.com/thlorenz/redeyed.git","node_modules/redeyed"
"server","redis-errors","1.2.0","MIT","false","https://github.com/NodeRedis/redis-errors#readme","git+https://github.com/NodeRedis/redis-errors.git","server/node_modules/redis-errors"
"server","redis-parser","3.0.0","MIT","false","https://github.com/NodeRedis/node-redis-parser#readme","git+https://github.com/NodeRedis/node-redis-parser.git","server/node_modules/redis-parser"
"client","reflect.getprototypeof","1.0.10","MIT","false","https://github.com/es-shims/Reflect.getPrototypeOf","git+https://github.com/es-shims/Reflect.getPrototypeOf.git","node_modules/reflect.getprototypeof"
"server","reflect.getprototypeof","1.0.10","MIT","false","https://github.com/es-shims/Reflect.getPrototypeOf","git+https://github.com/es-shims/Reflect.getPrototypeOf.git","server/node_modules/reflect.getprototypeof"
"client","regenerate","1.4.2","MIT","false","https://mths.be/regenerate","https://github.com/mathiasbynens/regenerate.git","node_modules/regenerate"
"client","regenerate-unicode-properties","10.2.2","MIT","false","https://github.com/mathiasbynens/regenerate-unicode-properties","https://github.com/mathiasbynens/regenerate-unicode-properties.git","node_modules/regenerate-unicode-properties"
"client","regenerator-runtime","0.14.1","MIT","true","","https://github.com/facebook/regenerator/tree/main/packages/runtime","node_modules/regenerator-runtime"
"client","regex-not","1.0.2","MIT","false","https://github.com/jonschlinkert/regex-not","jonschlinkert/regex-not","node_modules/regex-not"
"client","regexp.prototype.flags","1.5.4","MIT","false","","git://github.com/es-shims/RegExp.prototype.flags.git","node_modules/regexp.prototype.flags"
"server","regexp.prototype.flags","1.5.4","MIT","false","","git://github.com/es-shims/RegExp.prototype.flags.git","server/node_modules/regexp.prototype.flags"
"client","regexpp","3.2.0","MIT","false","https://github.com/mysticatea/regexpp#readme","git+https://github.com/mysticatea/regexpp.git","node_modules/regexpp"
"server","regexpp","2.0.1","MIT","false","https://github.com/mysticatea/regexpp#readme","git+https://github.com/mysticatea/regexpp.git","server/node_modules/regexpp"
"client","regexpu-core","6.4.0","MIT","false","https://mths.be/regexpu","https://github.com/mathiasbynens/regexpu-core.git","node_modules/regexpu-core"
"client","registry-auth-token","3.4.0","MIT","false","https://github.com/rexxars/registry-auth-token#readme","git+ssh://git@github.com/rexxars/registry-auth-token.git","node_modules/registry-auth-token"
"client","registry-url","3.1.0","MIT","false","","sindresorhus/registry-url","node_modules/registry-url"
"client","regjsgen","0.8.0","MIT","false","https://github.com/bnjmnt4n/regjsgen","https://github.com/bnjmnt4n/regjsgen.git","node_modules/regjsgen"
"client","relateurl","0.2.7","MIT","false","https://github.com/stevenvachon/relateurl","git://github.com/stevenvachon/relateurl.git","node_modules/relateurl"
"client","renderkid","3.0.0","MIT","false","","https://github.com/AriaMinaei/RenderKid.git","node_modules/renderkid"
"client","repeat-element","1.1.4","MIT","false","https://github.com/jonschlinkert/repeat-element","jonschlinkert/repeat-element","node_modules/repeat-element"
"client","repeat-string","1.6.1","MIT","false","https://github.com/jonschlinkert/repeat-string","jonschlinkert/repeat-string","node_modules/repeat-string"
"client","repeating","2.0.1","MIT","false","","sindresorhus/repeating","node_modules/repeating"
"client","require-directory","2.1.1","MIT","false","https://github.com/troygoode/node-require-directory/","git://github.com/troygoode/node-require-directory.git","node_modules/require-directory"
"server","require-directory","2.1.1","MIT","false","https://github.com/troygoode/node-require-directory/","git://github.com/troygoode/node-require-directory.git","server/node_modules/require-directory"
"client","require-from-string","2.0.2","MIT","false","","floatdrop/require-from-string","node_modules/require-from-string"
"client","requires-port","1.0.0","MIT","false","https://github.com/unshiftio/requires-port","https://github.com/unshiftio/requires-port","node_modules/requires-port"
"client","resolve","1.22.12","MIT","false","","ssh://github.com/browserify/resolve.git","node_modules/resolve"
"server","resolve","1.22.12","MIT","false","","ssh://github.com/browserify/resolve.git","server/node_modules/resolve"
"client","resolve-cwd","3.0.0","MIT","false","","sindresorhus/resolve-cwd","node_modules/resolve-cwd"
"client","resolve-from","4.0.0","MIT","false","","sindresorhus/resolve-from","node_modules/resolve-from"
"server","resolve-from","5.0.0","MIT","false","","sindresorhus/resolve-from","server/node_modules/resolve-from"
"client","resolve-protobuf-schema","2.1.0","MIT","false","https://github.com/mafintosh/resolve-protobuf-schema","https://github.com/mafintosh/resolve-protobuf-schema.git","node_modules/resolve-protobuf-schema"
"client","resolve-url","0.2.1","MIT","false","","lydell/resolve-url","node_modules/resolve-url"
"client","resolve.exports","1.1.1","MIT","false","","lukeed/resolve.exports","node_modules/resolve.exports"
"server","resolve.exports","2.0.3","MIT","false","","lukeed/resolve.exports","server/node_modules/resolve.exports"
"client","restore-cursor","1.0.1","MIT","false","","sindresorhus/restore-cursor","node_modules/restore-cursor"
"server","restore-cursor","2.0.0","MIT","false","","sindresorhus/restore-cursor","server/node_modules/restore-cursor"
"client","ret","0.1.15","MIT","false","","git://github.com/fent/ret.js.git","node_modules/ret"
"client","retry","0.13.1","MIT","false","https://github.com/tim-kos/node-retry","git://github.com/tim-kos/node-retry.git","node_modules/retry"
"server","retry","0.13.1","MIT","false","https://github.com/tim-kos/node-retry","git://github.com/tim-kos/node-retry.git","server/node_modules/retry"
"client","reusify","1.1.0","MIT","false","https://github.com/mcollina/reusify#readme","git+https://github.com/mcollina/reusify.git","node_modules/reusify"
"server","run-async","2.4.1","MIT","false","","SBoudrias/run-async","server/node_modules/run-async"
"client","run-parallel","1.2.0","MIT","false","https://github.com/feross/run-parallel","git://github.com/feross/run-parallel.git","node_modules/run-parallel"
"client","rust-result","1.0.0","MIT","false","https://github.com/mmalecki/rust-result.js","git://github.com/mmalecki/rust-result.js.git","node_modules/rust-result"
"client","safe-array-concat","1.1.4","MIT","false","https://github.com/ljharb/safe-array-concat#readme","git+https://github.com/ljharb/safe-array-concat.git","node_modules/safe-array-concat"
"server","safe-array-concat","1.1.4","MIT","false","https://github.com/ljharb/safe-array-concat#readme","git+https://github.com/ljharb/safe-array-concat.git","server/node_modules/safe-array-concat"
"client","safe-buffer","5.1.2","MIT","false","https://github.com/feross/safe-buffer","git://github.com/feross/safe-buffer.git","node_modules/safe-buffer"
"server","safe-buffer","5.2.1","MIT","false","https://github.com/feross/safe-buffer","git://github.com/feross/safe-buffer.git","server/node_modules/safe-buffer"
"client","safe-json-parse","4.0.0","MIT","false","https://github.com/Raynos/safe-json-parse","git://github.com/Raynos/safe-json-parse.git","node_modules/safe-json-parse"
"client","safe-push-apply","1.0.0","MIT","false","https://github.com/ljharb/safe-push-apply#readme","git+https://github.com/ljharb/safe-push-apply.git","node_modules/safe-push-apply"
"server","safe-push-apply","1.0.0","MIT","false","https://github.com/ljharb/safe-push-apply#readme","git+https://github.com/ljharb/safe-push-apply.git","server/node_modules/safe-push-apply"
"client","safe-regex","1.1.0","MIT","false","https://github.com/substack/safe-regex","git://github.com/substack/safe-regex.git","node_modules/safe-regex"
"client","safe-regex-test","1.1.0","MIT","false","https://github.com/ljharb/safe-regex-test#readme","git+https://github.com/ljharb/safe-regex-test.git","node_modules/safe-regex-test"
"server","safe-regex-test","1.1.0","MIT","false","https://github.com/ljharb/safe-regex-test#readme","git+https://github.com/ljharb/safe-regex-test.git","server/node_modules/safe-regex-test"
"server","safe-stable-stringify","2.5.0","MIT","false","https://github.com/BridgeAR/safe-stable-stringify#readme","git+https://github.com/BridgeAR/safe-stable-stringify.git","server/node_modules/safe-stable-stringify"
"client","safer-buffer","2.1.2","MIT","false","","git+https://github.com/ChALkeR/safer-buffer.git","node_modules/safer-buffer"
"server","safer-buffer","2.1.2","MIT","false","","git+https://github.com/ChALkeR/safer-buffer.git","server/node_modules/safer-buffer"
"client","sass","1.32.13","MIT","true","https://github.com/sass/dart-sass","https://github.com/sass/dart-sass","node_modules/sass"
"client","sass-loader","10.5.2","MIT","true","https://github.com/webpack-contrib/sass-loader","webpack-contrib/sass-loader","node_modules/sass-loader"
"client","schema-utils","2.7.1","MIT","false","https://github.com/webpack/schema-utils","webpack/schema-utils","node_modules/schema-utils"
"client","select","1.1.2","MIT","false","","zenorocha/select","node_modules/select"
"client","select-hose","2.0.0","MIT","false","https://github.com/indutny/select-hose#readme","git+ssh://git@github.com/indutny/select-hose.git","node_modules/select-hose"
"client","selfsigned","2.4.1","MIT","false","","git://github.com/jfromaniello/selfsigned.git","node_modules/selfsigned"
"client","semver-compare","1.0.0","MIT","false","https://github.com/substack/semver-compare","git://github.com/substack/semver-compare.git","node_modules/semver-compare"
"client","semver-diff","2.1.0","MIT","false","","sindresorhus/semver-diff","node_modules/semver-diff"
"client","send","0.19.2","MIT","false","","pillarjs/send","node_modules/send"
"server","send","0.19.2","MIT","false","","pillarjs/send","server/node_modules/send"
"client","sentence-case","3.0.4","MIT","false","https://github.com/blakeembrey/change-case/tree/master/packages/sentence-case#readme","git://github.com/blakeembrey/change-case.git","node_modules/sentence-case"
"client","sentiment","5.0.2","MIT","true","https://github.com/thisandagain/sentiment","https://github.com/thisandagain/sentiment.git","node_modules/sentiment"
"client","serialize-error","7.0.1","MIT","false","","sindresorhus/serialize-error","node_modules/serialize-error"
"client","serve-index","1.9.2","MIT","false","","expressjs/serve-index","node_modules/serve-index"
"client","serve-static","1.16.3","MIT","false","","expressjs/serve-static","node_modules/serve-static"
"server","serve-static","1.16.3","MIT","false","","expressjs/serve-static","server/node_modules/serve-static"
"client","set-function-length","1.2.2","MIT","false","https://github.com/ljharb/set-function-length#readme","git+https://github.com/ljharb/set-function-length.git","node_modules/set-function-length"
"server","set-function-length","1.2.2","MIT","false","https://github.com/ljharb/set-function-length#readme","git+https://github.com/ljharb/set-function-length.git","server/node_modules/set-function-length"
"client","set-function-name","2.0.2","MIT","false","https://github.com/ljharb/set-function-name#readme","git+https://github.com/ljharb/set-function-name.git","node_modules/set-function-name"
"server","set-function-name","2.0.2","MIT","false","https://github.com/ljharb/set-function-name#readme","git+https://github.com/ljharb/set-function-name.git","server/node_modules/set-function-name"
"client","set-proto","1.0.0","MIT","false","https://github.com/ljharb/set-proto#readme","git+https://github.com/ljharb/set-proto.git","node_modules/set-proto"
"server","set-proto","1.0.0","MIT","false","https://github.com/ljharb/set-proto#readme","git+https://github.com/ljharb/set-proto.git","server/node_modules/set-proto"
"client","set-value","2.0.1","MIT","false","https://github.com/jonschlinkert/set-value","jonschlinkert/set-value","node_modules/set-value"
"client","setimmediate","1.0.5","MIT","false","","YuzuJS/setImmediate","node_modules/setimmediate"
"client","shallow-clone","3.0.1","MIT","false","https://github.com/jonschlinkert/shallow-clone","jonschlinkert/shallow-clone","node_modules/shallow-clone"
"client","shebang-command","2.0.0","MIT","false","","kevva/shebang-command","node_modules/shebang-command"
"server","shebang-command","1.2.0","MIT","false","","kevva/shebang-command","server/node_modules/shebang-command"
"client","shebang-regex","3.0.0","MIT","false","","sindresorhus/shebang-regex","node_modules/shebang-regex"
"server","shebang-regex","1.0.0","MIT","false","","sindresorhus/shebang-regex","server/node_modules/shebang-regex"
"client","shell-quote","1.8.4","MIT","false","https://github.com/ljharb/shell-quote","http://github.com/ljharb/shell-quote.git","node_modules/shell-quote"
"server","shell-quote","1.8.4","MIT","false","https://github.com/ljharb/shell-quote","http://github.com/ljharb/shell-quote.git","server/node_modules/shell-quote"
"client","side-channel","1.1.0","MIT","false","https://github.com/ljharb/side-channel#readme","git+https://github.com/ljharb/side-channel.git","node_modules/side-channel"
"server","side-channel","1.1.0","MIT","false","https://github.com/ljharb/side-channel#readme","git+https://github.com/ljharb/side-channel.git","server/node_modules/side-channel"
"client","side-channel-list","1.0.1","MIT","false","https://github.com/ljharb/side-channel-list#readme","git+https://github.com/ljharb/side-channel-list.git","node_modules/side-channel-list"
"server","side-channel-list","1.0.1","MIT","false","https://github.com/ljharb/side-channel-list#readme","git+https://github.com/ljharb/side-channel-list.git","server/node_modules/side-channel-list"
"client","side-channel-map","1.0.1","MIT","false","https://github.com/ljharb/side-channel-map#readme","git+https://github.com/ljharb/side-channel-map.git","node_modules/side-channel-map"
"server","side-channel-map","1.0.1","MIT","false","https://github.com/ljharb/side-channel-map#readme","git+https://github.com/ljharb/side-channel-map.git","server/node_modules/side-channel-map"
"client","side-channel-weakmap","1.0.2","MIT","false","https://github.com/ljharb/side-channel-weakmap#readme","git+https://github.com/ljharb/side-channel-weakmap.git","node_modules/side-channel-weakmap"
"server","side-channel-weakmap","1.0.2","MIT","false","https://github.com/ljharb/side-channel-weakmap#readme","git+https://github.com/ljharb/side-channel-weakmap.git","server/node_modules/side-channel-weakmap"
"server","simple-update-notifier","2.0.0","MIT","false","https://github.com/alexbrazier/simple-update-notifier.git","https://github.com/alexbrazier/simple-update-notifier.git","server/node_modules/simple-update-notifier"
"client","sirv","2.0.4","MIT","false","","lukeed/sirv","node_modules/sirv"
"client","sisteransi","1.0.5","MIT","false","","https://github.com/terkelg/sisteransi","node_modules/sisteransi"
"server","sisteransi","1.0.5","MIT","false","","https://github.com/terkelg/sisteransi","server/node_modules/sisteransi"
"client","slash","3.0.0","MIT","false","","sindresorhus/slash","node_modules/slash"
"server","slash","3.0.0","MIT","false","","sindresorhus/slash","server/node_modules/slash"
"client","slice-ansi","0.0.4","MIT","false","","chalk/slice-ansi","node_modules/slice-ansi"
"server","slice-ansi","2.1.0","MIT","false","","chalk/slice-ansi","server/node_modules/slice-ansi"
"client","snake-case","3.0.4","MIT","false","https://github.com/blakeembrey/change-case/tree/master/packages/snake-case#readme","git://github.com/blakeembrey/change-case.git","node_modules/snake-case"
"client","snapdragon","0.8.2","MIT","false","https://github.com/jonschlinkert/snapdragon","jonschlinkert/snapdragon","node_modules/snapdragon"
"client","snapdragon-node","2.1.1","MIT","false","https://github.com/jonschlinkert/snapdragon-node","jonschlinkert/snapdragon-node","node_modules/snapdragon-node"
"client","snapdragon-util","3.0.1","MIT","false","https://github.com/jonschlinkert/snapdragon-util","jonschlinkert/snapdragon-util","node_modules/snapdragon-util"
"client","sockjs","0.3.24","MIT","false","https://github.com/sockjs/sockjs-node","https://github.com/sockjs/sockjs-node.git","node_modules/sockjs"
"client","sortablejs","1.10.2","MIT","false","","git://github.com/SortableJS/Sortable.git","node_modules/sortablejs"
"server","sorted-array-functions","1.3.0","MIT","false","https://github.com/mafintosh/sorted-array-functions","https://github.com/mafintosh/sorted-array-functions.git","server/node_modules/sorted-array-functions"
"client","source-map-resolve","0.5.3","MIT","false","","lydell/source-map-resolve","node_modules/source-map-resolve"
"client","source-map-support","0.5.21","MIT","false","","https://github.com/evanw/node-source-map-support","node_modules/source-map-support"
"client","source-map-url","0.4.1","MIT","false","","lydell/source-map-url","node_modules/source-map-url"
"client","spdx-expression-parse","3.0.1","MIT","false","","jslicense/spdx-expression-parse.js","node_modules/spdx-expression-parse"
"server","spdx-expression-parse","3.0.1","MIT","false","","jslicense/spdx-expression-parse.js","server/node_modules/spdx-expression-parse"
"client","spdy","4.0.2","MIT","false","https://github.com/indutny/node-spdy","git://github.com/indutny/node-spdy.git","node_modules/spdy"
"client","spdy-transport","3.0.0","MIT","false","https://github.com/spdy-http2/spdy-transport","git://github.com/spdy-http2/spdy-transport.git","node_modules/spdy-transport"
"client","split-on-first","1.1.0","MIT","false","","sindresorhus/split-on-first","node_modules/split-on-first"
"client","split-string","3.1.0","MIT","false","https://github.com/jonschlinkert/split-string","jonschlinkert/split-string","node_modules/split-string"
"server","sshpk","1.18.0","MIT","false","https://github.com/arekinath/node-sshpk#readme","git+https://github.com/joyent/node-sshpk.git","server/node_modules/sshpk"
"client","stable","0.1.8","MIT","false","","https://github.com/Two-Screen/stable.git","node_modules/stable"
"server","stack-trace","0.0.10","MIT","false","https://github.com/felixge/node-stack-trace","git://github.com/felixge/node-stack-trace.git","server/node_modules/stack-trace"
"client","stack-utils","2.0.6","MIT","false","","tapjs/stack-utils","node_modules/stack-utils"
"server","stack-utils","2.0.6","MIT","false","","tapjs/stack-utils","server/node_modules/stack-utils"
"client","stackframe","1.3.4","MIT","false","https://www.stacktracejs.com","git://github.com/stacktracejs/stackframe.git","node_modules/stackframe"
"server","standard-as-callback","2.1.0","MIT","false","https://github.com/luin/asCallback#readme","git+https://github.com/luin/asCallback.git","server/node_modules/standard-as-callback"
"client","static-extend","0.1.2","MIT","false","https://github.com/jonschlinkert/static-extend","jonschlinkert/static-extend","node_modules/static-extend"
"client","statuses","2.0.2","MIT","false","","jshttp/statuses","node_modules/statuses"
"server","statuses","2.0.2","MIT","false","","jshttp/statuses","server/node_modules/statuses"
"client","stop-iteration-iterator","1.1.0","MIT","false","https://github.com/ljharb/stop-iteration-iterator#readme","git+https://github.com/ljharb/stop-iteration-iterator.git","node_modules/stop-iteration-iterator"
"server","stop-iteration-iterator","1.1.0","MIT","false","https://github.com/ljharb/stop-iteration-iterator#readme","git+https://github.com/ljharb/stop-iteration-iterator.git","server/node_modules/stop-iteration-iterator"
"server","stream-browserify","3.0.0","MIT","false","https://github.com/browserify/stream-browserify","git://github.com/browserify/stream-browserify.git","server/node_modules/stream-browserify"
"client","stream-to-observable","0.2.0","MIT","false","","jamestalmage/stream-to-observable","node_modules/stream-to-observable"
"client","streamsearch","0.1.2","MIT","false","","http://github.com/mscdex/streamsearch.git","node_modules/streamsearch"
"client","strict-uri-encode","2.0.0","MIT","false","","kevva/strict-uri-encode","node_modules/strict-uri-encode"
"client","string_decoder","1.1.1","MIT","false","https://github.com/nodejs/string_decoder","git://github.com/nodejs/string_decoder.git","node_modules/string_decoder"
"server","string_decoder","1.3.0","MIT","false","https://github.com/nodejs/string_decoder","git://github.com/nodejs/string_decoder.git","server/node_modules/string_decoder"
"client","string-length","4.0.2","MIT","false","","sindresorhus/string-length","node_modules/string-length"
"server","string-length","4.0.2","MIT","false","","sindresorhus/string-length","server/node_modules/string-length"
"client","string-width","4.2.3","MIT","false","","sindresorhus/string-width","node_modules/string-width-cjs"
"server","string-width","2.1.1","MIT","false","","sindresorhus/string-width","server/node_modules/string-width"
"client","string.prototype.padend","3.1.6","MIT","false","","git://github.com/es-shims/String.prototype.padEnd.git","node_modules/string.prototype.padend"
"server","string.prototype.padend","3.1.6","MIT","false","","git://github.com/es-shims/String.prototype.padEnd.git","server/node_modules/string.prototype.padend"
"client","string.prototype.trim","1.2.10","MIT","false","","git://github.com/es-shims/String.prototype.trim.git","node_modules/string.prototype.trim"
"server","string.prototype.trim","1.2.10","MIT","false","","git://github.com/es-shims/String.prototype.trim.git","server/node_modules/string.prototype.trim"
"client","string.prototype.trimend","1.0.9","MIT","false","","git://github.com/es-shims/String.prototype.trimEnd.git","node_modules/string.prototype.trimend"
"server","string.prototype.trimend","1.0.9","MIT","false","","git://github.com/es-shims/String.prototype.trimEnd.git","server/node_modules/string.prototype.trimend"
"client","string.prototype.trimstart","1.0.8","MIT","false","","git://github.com/es-shims/String.prototype.trimStart.git","node_modules/string.prototype.trimstart"
"server","string.prototype.trimstart","1.0.8","MIT","false","","git://github.com/es-shims/String.prototype.trimStart.git","server/node_modules/string.prototype.trimstart"
"client","strip-ansi","6.0.1","MIT","false","","chalk/strip-ansi","node_modules/strip-ansi-cjs"
"server","strip-ansi","4.0.0","MIT","false","","chalk/strip-ansi","server/node_modules/strip-ansi"
"client","strip-bom","4.0.0","MIT","false","","sindresorhus/strip-bom","node_modules/strip-bom"
"server","strip-bom","4.0.0","MIT","false","","sindresorhus/strip-bom","server/node_modules/strip-bom"
"client","strip-eof","1.0.0","MIT","false","","sindresorhus/strip-eof","node_modules/strip-eof"
"client","strip-final-newline","2.0.0","MIT","false","","sindresorhus/strip-final-newline","node_modules/strip-final-newline"
"server","strip-final-newline","2.0.0","MIT","false","","sindresorhus/strip-final-newline","server/node_modules/strip-final-newline"
"client","strip-indent","2.0.0","MIT","false","","sindresorhus/strip-indent","node_modules/strip-indent"
"client","strip-json-comments","3.1.1","MIT","false","","sindresorhus/strip-json-comments","node_modules/strip-json-comments"
"server","strip-json-comments","2.0.1","MIT","false","","sindresorhus/strip-json-comments","server/node_modules/strip-json-comments"
"server","strnum","2.3.0","MIT","false","","https://github.com/NaturalIntelligence/strnum","server/node_modules/strnum"
"client","stylehacks","5.1.1","MIT","false","https://github.com/cssnano/cssnano","cssnano/cssnano","node_modules/stylehacks"
"client","subscriptions-transport-ws","0.9.19","MIT","false","","git+https://github.com/apollostack/subscriptions-transport-ws.git","node_modules/subscriptions-transport-ws"
"client","supports-color","7.2.0","MIT","false","","chalk/supports-color","node_modules/supports-color"
"server","supports-color","5.5.0","MIT","false","","chalk/supports-color","server/node_modules/supports-color"
"client","supports-hyperlinks","2.3.0","MIT","false","","jamestalmage/supports-hyperlinks","node_modules/supports-hyperlinks"
"client","supports-preserve-symlinks-flag","1.0.0","MIT","false","https://github.com/inspect-js/node-supports-preserve-symlinks-flag#readme","git+https://github.com/inspect-js/node-supports-preserve-symlinks-flag.git","node_modules/supports-preserve-symlinks-flag"
"server","supports-preserve-symlinks-flag","1.0.0","MIT","false","https://github.com/inspect-js/node-supports-preserve-symlinks-flag#readme","git+https://github.com/inspect-js/node-supports-preserve-symlinks-flag.git","server/node_modules/supports-preserve-symlinks-flag"
"client","svg-tags","1.0.0","MIT","false","","git://github.com/element-io/svg-tags.git","node_modules/svg-tags"
"client","svgo","2.8.2","MIT","false","https://github.com/svg/svgo","git://github.com/svg/svgo.git","node_modules/svgo"
"client","symbol-observable","0.2.4","MIT","false","","blesh/symbol-observable","node_modules/symbol-observable"
"client","symbol-tree","3.2.4","MIT","false","https://github.com/jsdom/js-symbol-tree#symbol-tree","https://github.com/jsdom/js-symbol-tree.git","node_modules/symbol-tree"
"client","tapable","2.3.3","MIT","false","https://github.com/webpack/tapable","http://github.com/webpack/tapable.git","node_modules/tapable"
"client","term-size","1.2.0","MIT","false","","sindresorhus/term-size","node_modules/term-size"
"client","terminal-link","2.1.1","MIT","false","","sindresorhus/terminal-link","node_modules/terminal-link"
"client","terser-webpack-plugin","5.6.0","MIT","false","https://github.com/webpack/minimizer-webpack-plugin","webpack/minimizer-webpack-plugin","node_modules/terser-webpack-plugin"
"server","text-hex","1.0.0","MIT","false","https://github.com/3rd-Eden/text-hex","https://github.com/3rd-Eden/text-hex","server/node_modules/text-hex"
"client","text-table","0.2.0","MIT","false","https://github.com/substack/text-table","git://github.com/substack/text-table.git","node_modules/text-table"
"server","text-table","0.2.0","MIT","false","https://github.com/substack/text-table","git://github.com/substack/text-table.git","server/node_modules/text-table"
"client","thenify","3.3.1","MIT","false","","thenables/thenify","node_modules/thenify"
"client","thenify-all","1.6.0","MIT","false","","thenables/thenify-all","node_modules/thenify-all"
"client","thread-loader","3.0.4","MIT","false","https://github.com/webpack-contrib/thread-loader","webpack-contrib/thread-loader","node_modules/thread-loader"
"client","throat","6.0.2","MIT","false","","https://github.com/ForbesLindesay/throat.git","node_modules/throat"
"client","throttle-debounce","2.3.0","MIT","false","https://github.com/niksy/throttle-debounce#readme","git+https://github.com/niksy/throttle-debounce.git","node_modules/throttle-debounce"
"server","through","2.3.8","MIT","false","https://github.com/dominictarr/through","https://github.com/dominictarr/through.git","server/node_modules/through"
"client","thunky","1.1.0","MIT","false","https://github.com/mafintosh/thunky#readme","git://github.com/mafintosh/thunky.git","node_modules/thunky"
"client","timed-out","4.0.1","MIT","false","","floatdrop/timed-out","node_modules/timed-out"
"client","tiny-emitter","2.1.0","MIT","false","","https://github.com/scottcorgan/tiny-emitter.git","node_modules/tiny-emitter"
"server","tiny-inflate","1.0.3","MIT","false","https://github.com/devongovett/tiny-inflate","git://github.com/devongovett/tiny-inflate.git","server/node_modules/tiny-inflate"
"server","tinyexec","1.2.2","MIT","false","https://github.com/tinylibs/tinyexec#readme","git+https://github.com/tinylibs/tinyexec.git","server/node_modules/tinyexec"
"client","to-buffer","1.2.2","MIT","false","https://github.com/browserify/to-buffer","https://github.com/browserify/to-buffer.git","node_modules/to-buffer"
"server","to-buffer","1.2.2","MIT","false","https://github.com/browserify/to-buffer","https://github.com/browserify/to-buffer.git","server/node_modules/to-buffer"
"client","to-fast-properties","1.0.3","MIT","false","","sindresorhus/to-fast-properties","node_modules/to-fast-properties"
"client","to-object-path","0.3.0","MIT","false","https://github.com/jonschlinkert/to-object-path","jonschlinkert/to-object-path","node_modules/to-object-path"
"client","to-regex","3.0.2","MIT","false","https://github.com/jonschlinkert/to-regex","jonschlinkert/to-regex","node_modules/to-regex"
"client","to-regex-range","5.0.1","MIT","false","https://github.com/micromatch/to-regex-range","micromatch/to-regex-range","node_modules/to-regex-range"
"server","to-regex-range","5.0.1","MIT","false","https://github.com/micromatch/to-regex-range","micromatch/to-regex-range","server/node_modules/to-regex-range"
"client","toidentifier","1.0.1","MIT","false","","component/toidentifier","node_modules/toidentifier"
"server","toidentifier","1.0.1","MIT","false","","component/toidentifier","server/node_modules/toidentifier"
"server","toposort","2.0.2","MIT","false","","https://github.com/marcelklehr/toposort.git","server/node_modules/toposort"
"client","totalist","3.0.1","MIT","false","","lukeed/totalist","node_modules/totalist"
"client","tr46","2.1.0","MIT","false","","https://github.com/jsdom/tr46","node_modules/tr46"
"server","tr46","0.0.3","MIT","false","https://github.com/Sebmaster/tr46.js#readme","git+https://github.com/Sebmaster/tr46.js.git","server/node_modules/tr46"
"server","triple-beam","1.4.1","MIT","false","https://github.com/winstonjs/triple-beam#readme","git+https://github.com/winstonjs/triple-beam.git","server/node_modules/triple-beam"
"client","ts-invariant","0.4.4","MIT","false","https://github.com/apollographql/invariant-packages","git+https://github.com/apollographql/invariant-packages.git","node_modules/ts-invariant"
"client","ts-node","8.10.2","MIT","false","https://github.com/TypeStrong/ts-node","git://github.com/TypeStrong/ts-node.git","node_modules/ts-node"
"server","ts-node","10.9.2","MIT","true","https://typestrong.org/ts-node","git://github.com/TypeStrong/ts-node.git","server/node_modules/ts-node"
"client","tsconfig","7.0.0","MIT","false","https://github.com/TypeStrong/tsconfig","https://github.com/TypeStrong/tsconfig.git","node_modules/tsconfig"
"server","twitter","1.7.1","MIT","true","https://github.com/desmondmorris/node-twitter","https://github.com/desmondmorris/node-twitter","server/node_modules/twitter"
"client","type-check","0.4.0","MIT","false","https://github.com/gkz/type-check","git://github.com/gkz/type-check.git","node_modules/type-check"
"server","type-check","0.3.2","MIT","false","https://github.com/gkz/type-check","git://github.com/gkz/type-check.git","server/node_modules/type-check"
"client","type-detect","4.0.8","MIT","false","","git+ssh://git@github.com/chaijs/type-detect.git","node_modules/type-detect"
"server","type-detect","4.0.8","MIT","false","","git+ssh://git@github.com/chaijs/type-detect.git","server/node_modules/type-detect"
"client","type-is","1.6.18","MIT","false","","jshttp/type-is","node_modules/type-is"
"server","type-is","1.6.18","MIT","false","","jshttp/type-is","server/node_modules/type-is"
"client","typed-array-buffer","1.0.3","MIT","false","https://github.com/inspect-js/typed-array-buffer#readme","git+https://github.com/inspect-js/typed-array-buffer.git","node_modules/typed-array-buffer"
"server","typed-array-buffer","1.0.3","MIT","false","https://github.com/inspect-js/typed-array-buffer#readme","git+https://github.com/inspect-js/typed-array-buffer.git","server/node_modules/typed-array-buffer"
"client","typed-array-byte-length","1.0.3","MIT","false","https://github.com/inspect-js/typed-array-byte-length#readme","git+https://github.com/inspect-js/typed-array-byte-length.git","node_modules/typed-array-byte-length"
"server","typed-array-byte-length","1.0.3","MIT","false","https://github.com/inspect-js/typed-array-byte-length#readme","git+https://github.com/inspect-js/typed-array-byte-length.git","server/node_modules/typed-array-byte-length"
"client","typed-array-byte-offset","1.0.4","MIT","false","https://github.com/inspect-js/typed-array-byte-offset#readme","git+https://github.com/inspect-js/typed-array-byte-offset.git","node_modules/typed-array-byte-offset"
"server","typed-array-byte-offset","1.0.4","MIT","false","https://github.com/inspect-js/typed-array-byte-offset#readme","git+https://github.com/inspect-js/typed-array-byte-offset.git","server/node_modules/typed-array-byte-offset"
"client","typed-array-length","1.0.7","MIT","false","https://github.com/inspect-js/typed-array-length#readme","git+https://github.com/inspect-js/typed-array-length.git","node_modules/typed-array-length"
"server","typed-array-length","1.0.7","MIT","false","https://github.com/inspect-js/typed-array-length#readme","git+https://github.com/inspect-js/typed-array-length.git","server/node_modules/typed-array-length"
"client","typedarray","0.0.6","MIT","true","https://github.com/substack/typedarray","git://github.com/substack/typedarray.git","node_modules/typedarray"
"client","typedarray-to-buffer","3.1.5","MIT","false","http://feross.org","git://github.com/feross/typedarray-to-buffer.git","node_modules/typedarray-to-buffer"
"client","typeface-open-sans","0.0.54","MIT","true","","https://github.com/KyleAMathews/typefaces/tree/master/packages/open-sans","node_modules/typeface-open-sans"
"client","typeface-roboto","0.0.54","MIT","true","","https://github.com/KyleAMathews/typefaces/tree/master/packages/roboto","node_modules/typeface-roboto"
"client","unbox-primitive","1.1.0","MIT","false","https://github.com/ljharb/unbox-primitive#readme","git+https://github.com/ljharb/unbox-primitive.git","node_modules/unbox-primitive"
"server","unbox-primitive","1.1.0","MIT","false","https://github.com/ljharb/unbox-primitive#readme","git+https://github.com/ljharb/unbox-primitive.git","server/node_modules/unbox-primitive"
"client","undefsafe","2.0.5","MIT","false","","https://github.com/remy/undefsafe.git","node_modules/undefsafe"
"server","undefsafe","2.0.5","MIT","false","","https://github.com/remy/undefsafe.git","server/node_modules/undefsafe"
"client","undici-types","7.24.6","MIT","false","https://undici.nodejs.org","git+https://github.com/nodejs/undici.git","node_modules/undici-types"
"server","undici-types","7.24.6","MIT","false","https://undici.nodejs.org","git+https://github.com/nodejs/undici.git","server/node_modules/undici-types"
"client","unicode-canonical-property-names-ecmascript","2.0.1","MIT","false","https://github.com/mathiasbynens/unicode-canonical-property-names-ecmascript","https://github.com/mathiasbynens/unicode-canonical-property-names-ecmascript.git","node_modules/unicode-canonical-property-names-ecmascript"
"client","unicode-match-property-ecmascript","2.0.0","MIT","false","https://github.com/mathiasbynens/unicode-match-property-ecmascript","https://github.com/mathiasbynens/unicode-match-property-ecmascript.git","node_modules/unicode-match-property-ecmascript"
"client","unicode-match-property-value-ecmascript","2.2.1","MIT","false","https://github.com/mathiasbynens/unicode-match-property-value-ecmascript","https://github.com/mathiasbynens/unicode-match-property-value-ecmascript.git","node_modules/unicode-match-property-value-ecmascript"
"server","unicode-properties","1.4.1","MIT","false","https://github.com/devongovett/unicode-properties","git://github.com/devongovett/unicode-properties.git","server/node_modules/unicode-properties"
"client","unicode-property-aliases-ecmascript","2.2.0","MIT","false","https://github.com/mathiasbynens/unicode-property-aliases-ecmascript","https://github.com/mathiasbynens/unicode-property-aliases-ecmascript.git","node_modules/unicode-property-aliases-ecmascript"
"server","unicode-trie","2.0.0","MIT","false","https://github.com/devongovett/unicode-trie","git://github.com/devongovett/unicode-trie.git","server/node_modules/unicode-trie"
"client","union-value","1.0.1","MIT","false","https://github.com/jonschlinkert/union-value","jonschlinkert/union-value","node_modules/union-value"
"client","unique-string","1.0.0","MIT","false","","sindresorhus/unique-string","node_modules/unique-string"
"client","universalify","2.0.1","MIT","false","https://github.com/RyanZim/universalify#readme","git+https://github.com/RyanZim/universalify.git","node_modules/universalify"
"client","unpipe","1.0.0","MIT","false","","stream-utils/unpipe","node_modules/unpipe"
"server","unpipe","1.0.0","MIT","false","","stream-utils/unpipe","server/node_modules/unpipe"
"client","unset-value","1.0.0","MIT","false","https://github.com/jonschlinkert/unset-value","jonschlinkert/unset-value","node_modules/unset-value"
"client","unzip-response","2.0.1","MIT","false","","sindresorhus/unzip-response","node_modules/unzip-response"
"client","upath","1.2.0","MIT","false","http://github.com/anodynos/upath/","git://github.com/anodynos/upath","node_modules/upath"
"client","update-browserslist-db","1.2.3","MIT","false","","browserslist/update-db","node_modules/update-browserslist-db"
"server","update-browserslist-db","1.2.3","MIT","false","","browserslist/update-db","server/node_modules/update-browserslist-db"
"client","upper-case","2.0.2","MIT","false","https://github.com/blakeembrey/change-case/tree/master/packages/upper-case#readme","git://github.com/blakeembrey/change-case.git","node_modules/upper-case"
"client","upper-case-first","2.0.2","MIT","false","https://github.com/blakeembrey/change-case/tree/master/packages/upper-case-first#readme","git://github.com/blakeembrey/change-case.git","node_modules/upper-case-first"
"client","urijs","1.19.11","MIT","false","http://medialize.github.io/URI.js/","https://github.com/medialize/URI.js.git","node_modules/urijs"
"client","urix","0.1.0","MIT","false","","lydell/urix","node_modules/urix"
"client","url-join","2.0.5","MIT","false","","git://github.com/jfromaniello/url-join.git","node_modules/url-join"
"client","url-parse","1.5.10","MIT","false","","https://github.com/unshiftio/url-parse.git","node_modules/url-parse"
"client","url-parse-lax","1.0.0","MIT","false","","sindresorhus/url-parse-lax","node_modules/url-parse-lax"
"client","use","3.1.1","MIT","false","https://github.com/jonschlinkert/use","jonschlinkert/use","node_modules/use"
"client","util-deprecate","1.0.2","MIT","false","https://github.com/TooTallNate/util-deprecate","git://github.com/TooTallNate/util-deprecate.git","node_modules/util-deprecate"
"server","util-deprecate","1.0.2","MIT","false","https://github.com/TooTallNate/util-deprecate","git://github.com/TooTallNate/util-deprecate.git","server/node_modules/util-deprecate"
"client","util.promisify","1.1.1","MIT","false","https://github.com/ljharb/util.promisify#readme","git+https://github.com/ljharb/util.promisify.git","node_modules/util.promisify"
"client","utila","0.4.0","MIT","false","","https://github.com/AriaMinaei/utila.git","node_modules/utila"
"client","utils-merge","1.0.1","MIT","false","","git://github.com/jaredhanson/utils-merge.git","node_modules/utils-merge"
"server","utils-merge","1.0.1","MIT","false","","git://github.com/jaredhanson/utils-merge.git","server/node_modules/utils-merge"
"client","uuid","8.3.2","MIT","false","","https://github.com/uuidjs/uuid.git","node_modules/uuid"
"server","uuid","11.1.1","MIT","true","","https://github.com/uuidjs/uuid.git","server/node_modules/uuid"
"client","v8-compile-cache","2.4.0","MIT","false","","https://github.com/zertosh/v8-compile-cache.git","node_modules/v8-compile-cache"
"server","v8-compile-cache-lib","3.0.1","MIT","false","","https://github.com/cspotcode/v8-compile-cache-lib.git","server/node_modules/v8-compile-cache-lib"
"server","validator","10.11.0","MIT","false","https://github.com/chriso/validator.js","https://github.com/chriso/validator.js.git","server/node_modules/validator"
"server","value-or-promise","1.0.11","MIT","false","","https://github.com/yaacovCR/value-or-promise","server/node_modules/value-or-promise"
"client","vary","1.1.2","MIT","false","","jshttp/vary","node_modules/vary"
"server","vary","1.1.2","MIT","false","","jshttp/vary","server/node_modules/vary"
"client","vee-validate","2.2.15","MIT","true","https://baianat.github.io/vee-validate/","https://github.com/baianat/vee-validate","node_modules/vee-validate"
"server","verror","1.10.0","MIT","false","","git://github.com/davepacheco/node-verror.git","server/node_modules/verror"
"client","vscode-jsonrpc","6.0.0","MIT","false","","https://github.com/Microsoft/vscode-languageserver-node.git","node_modules/vscode-jsonrpc"
"client","vscode-languageserver","7.0.0","MIT","false","","https://github.com/Microsoft/vscode-languageserver-node.git","node_modules/vscode-languageserver"
"client","vscode-languageserver-protocol","3.16.0","MIT","false","","https://github.com/Microsoft/vscode-languageserver-node.git","node_modules/vscode-languageserver-protocol"
"client","vscode-languageserver-textdocument","1.0.12","MIT","false","","https://github.com/Microsoft/vscode-languageserver-node.git","node_modules/vscode-languageserver-textdocument"
"client","vscode-languageserver-types","3.16.0","MIT","false","","https://github.com/Microsoft/vscode-languageserver-node.git","node_modules/vscode-languageserver-types"
"client","vscode-uri","1.0.6","MIT","false","https://github.com/Microsoft/vscode-uri#readme","git+https://github.com/Microsoft/vscode-uri.git","node_modules/vscode-uri"
"client","vue","2.7.16","MIT","true","https://github.com/vuejs/vue#readme","git+https://github.com/vuejs/vue.git","node_modules/vue"
"client","vue-apollo","3.0.3","MIT","true","https://github.com/Akryum/vue-apollo#readme","git+https://github.com/Akryum/vue-apollo.git","node_modules/vue-apollo"
"client","vue-cli-plugin-buefy","0.2.3","MIT","true","https://github.com/buefy/vue-cli-plugin-buefy#readme","git+https://github.com/buefy/vue-cli-plugin-buefy.git","node_modules/vue-cli-plugin-buefy"
"client","vue-clipboard2","0.3.3","MIT","true","https://github.com/Inndy/vue-clipboard2#readme","git+https://github.com/Inndy/vue-clipboard2.git","node_modules/vue-clipboard2"
"client","vue-emoji-picker","1.0.3","MIT","true","https://github.com/DCzajkowski/vue-emoji-picker#readme","git+https://github.com/DCzajkowski/vue-emoji-picker.git","node_modules/vue-emoji-picker"
"client","vue-eslint-parser","9.4.3","MIT","false","https://github.com/vuejs/vue-eslint-parser#readme","git+https://github.com/vuejs/vue-eslint-parser.git","node_modules/vue-eslint-parser"
"client","vue-flatpickr-component","7.0.6","MIT","true","https://github.com/ankurk91/vue-flatpickr-component","git+https://github.com/ankurk91/vue-flatpickr-component.git","node_modules/vue-flatpickr-component"
"client","vue-hot-reload-api","2.3.4","MIT","false","https://github.com/vuejs/vue-hot-reload-api#readme","git+https://github.com/vuejs/vue-hot-reload-api.git","node_modules/vue-hot-reload-api"
"client","vue-infinite-scroll","2.0.2","MIT","true","","https://github.com/ElemeFE/vue-infinite-scroll.git","node_modules/vue-infinite-scroll"
"client","vue-jest","3.0.7","MIT","true","","git+https://github.com/vuejs/vue-jest.git","node_modules/vue-jest"
"client","vue-loader","15.11.1","MIT","false","https://github.com/vuejs/vue-loader","https://github.com/vuejs/vue-loader.git","node_modules/@vue/vue-loader-v15"
"client","vue-loader","17.4.2","MIT","false","","vuejs/vue-loader","node_modules/vue-loader"
"client","vue-multiselect","2.1.9","MIT","true","https://shentao.github.io/vue-multiselect/","git+https://github.com/shentao/vue-multiselect.git","node_modules/vue-multiselect"
"client","vue-router","3.6.5","MIT","true","https://github.com/vuejs/vue-router#readme","https://github.com/vuejs/vue-router.git","node_modules/vue-router"
"client","vue-style-loader","4.1.3","MIT","false","","git@github.com:vuejs/vue-style-loader.git","node_modules/vue-style-loader"
"client","vue-swatches","1.0.4","MIT","true","https://saintplay.github.io/vue-swatches","git+https://github.com/saintplay/vue-swatches.git","node_modules/vue-swatches"
"client","vue-template-compiler","2.7.16","MIT","true","https://github.com/vuejs/vue/tree/dev/packages/vue-template-compiler#readme","git+https://github.com/vuejs/vue.git","node_modules/vue-template-compiler"
"client","vue-template-es2015-compiler","1.9.1","MIT","false","","https://github.com/vuejs/vue-template-es2015-compiler","node_modules/vue-template-es2015-compiler"
"client","vuedraggable","2.24.3","MIT","true","","https://github.com/SortableJS/Vue.Draggable.git","node_modules/vuedraggable"
"client","vuex","3.6.2","MIT","true","https://github.com/vuejs/vuex#readme","git+https://github.com/vuejs/vuex.git","node_modules/vuex"
"client","vuex-persist","1.8.0","MIT","true","https://github.com/championswimmer/vuex-persist#readme","git+https://github.com/championswimmer/vuex-persist.git","node_modules/vuex-persist"
"client","w3c-hr-time","1.0.2","MIT","false","","https://github.com/jsdom/w3c-hr-time","node_modules/w3c-hr-time"
"client","w3c-xmlserializer","2.0.0","MIT","false","","jsdom/w3c-xmlserializer","node_modules/w3c-xmlserializer"
"client","watchpack","2.5.1","MIT","false","https://github.com/webpack/watchpack","https://github.com/webpack/watchpack.git","node_modules/watchpack"
"client","wbuf","1.7.3","MIT","false","https://github.com/indutny/wbuf","git@github.com:indutny/wbuf","node_modules/wbuf"
"client","wcwidth","1.0.1","MIT","false","https://github.com/timoxley/wcwidth#readme","git+https://github.com/timoxley/wcwidth.git","node_modules/wcwidth"
"client","webpack","5.107.1","MIT","false","https://github.com/webpack/webpack","https://github.com/webpack/webpack.git","node_modules/webpack"
"client","webpack-bundle-analyzer","4.10.2","MIT","false","https://github.com/webpack-contrib/webpack-bundle-analyzer","git+https://github.com/webpack-contrib/webpack-bundle-analyzer.git","node_modules/webpack-bundle-analyzer"
"client","webpack-dev-middleware","5.3.4","MIT","false","https://github.com/webpack/webpack-dev-middleware","webpack/webpack-dev-middleware","node_modules/webpack-dev-middleware"
"client","webpack-dev-server","4.15.2","MIT","false","https://github.com/webpack/webpack-dev-server#readme","https://github.com/webpack/webpack-dev-server","node_modules/webpack-dev-server"
"client","webpack-merge","5.10.0","MIT","false","https://github.com/survivejs/webpack-merge","https://github.com/survivejs/webpack-merge.git","node_modules/webpack-merge"
"client","webpack-virtual-modules","0.4.6","MIT","false","https://github.com/sysgears/webpack-virtual-modules#readme","git+https://github.com/sysgears/webpack-virtual-modules.git","node_modules/webpack-virtual-modules"
"client","whatwg-encoding","1.0.5","MIT","false","","jsdom/whatwg-encoding","node_modules/whatwg-encoding"
"client","whatwg-fetch","3.6.20","MIT","false","","github/fetch","node_modules/whatwg-fetch"
"client","whatwg-mimetype","2.3.0","MIT","false","","jsdom/whatwg-mimetype","node_modules/whatwg-mimetype"
"server","whatwg-mimetype","4.0.0","MIT","false","","jsdom/whatwg-mimetype","server/node_modules/whatwg-mimetype"
"client","whatwg-url","8.7.0","MIT","false","","jsdom/whatwg-url","node_modules/whatwg-url"
"server","whatwg-url","5.0.0","MIT","false","","jsdom/whatwg-url","server/node_modules/whatwg-url"
"client","which-boxed-primitive","1.1.1","MIT","false","https://github.com/inspect-js/which-boxed-primitive#readme","git+https://github.com/inspect-js/which-boxed-primitive.git","node_modules/which-boxed-primitive"
"server","which-boxed-primitive","1.1.1","MIT","false","https://github.com/inspect-js/which-boxed-primitive#readme","git+https://github.com/inspect-js/which-boxed-primitive.git","server/node_modules/which-boxed-primitive"
"client","which-builtin-type","1.2.1","MIT","false","https://github.com/inspect-js/which-builtin-type#readme","git+https://github.com/inspect-js/which-builtin-type.git","node_modules/which-builtin-type"
"server","which-builtin-type","1.2.1","MIT","false","https://github.com/inspect-js/which-builtin-type#readme","git+https://github.com/inspect-js/which-builtin-type.git","server/node_modules/which-builtin-type"
"client","which-collection","1.0.2","MIT","false","https://github.com/inspect-js/which-collection#readme","git+https://github.com/inspect-js/which-collection.git","node_modules/which-collection"
"server","which-collection","1.0.2","MIT","false","https://github.com/inspect-js/which-collection#readme","git+https://github.com/inspect-js/which-collection.git","server/node_modules/which-collection"
"client","which-typed-array","1.1.20","MIT","false","","git://github.com/inspect-js/which-typed-array.git","node_modules/which-typed-array"
"server","which-typed-array","1.1.20","MIT","false","","git://github.com/inspect-js/which-typed-array.git","server/node_modules/which-typed-array"
"client","widest-line","3.1.0","MIT","false","","sindresorhus/widest-line","node_modules/widest-line"
"client","wildcard","2.0.1","MIT","false","","git://github.com/DamonOehlman/wildcard.git","node_modules/wildcard"
"server","winston","3.19.0","MIT","true","","https://github.com/winstonjs/winston.git","server/node_modules/winston"
"server","winston-transport","4.9.0","MIT","false","https://github.com/winstonjs/winston-transport#readme","git@github.com:winstonjs/winston-transport.git","server/node_modules/winston-transport"
"client","word-wrap","1.2.5","MIT","false","https://github.com/jonschlinkert/word-wrap","jonschlinkert/word-wrap","node_modules/word-wrap"
"server","word-wrap","1.2.5","MIT","false","https://github.com/jonschlinkert/word-wrap","jonschlinkert/word-wrap","server/node_modules/word-wrap"
"client","wordwrap","0.0.3","MIT","false","","git://github.com/substack/node-wordwrap.git","node_modules/wordwrap"
"server","wordwrap","1.0.0","MIT","false","","git://github.com/substack/node-wordwrap.git","server/node_modules/wordwrap"
"client","wrap-ansi","7.0.0","MIT","false","","chalk/wrap-ansi","node_modules/wrap-ansi-cjs"
"server","write","1.0.3","MIT","false","https://github.com/jonschlinkert/write","jonschlinkert/write","server/node_modules/write"
"client","ws","7.5.11","MIT","false","https://github.com/websockets/ws","websockets/ws","node_modules/ws"
"server","ws","8.21.0","MIT","true","https://github.com/websockets/ws","git+https://github.com/websockets/ws.git","server/node_modules/ws"
"client","xdg-basedir","3.0.0","MIT","false","","sindresorhus/xdg-basedir","node_modules/xdg-basedir"
"server","xml-naming","0.1.0","MIT","false","","https://github.com/NaturalIntelligence/xml-naming","server/node_modules/xml-naming"
"client","xmlchars","2.2.0","MIT","false","","https://github.com/lddubeau/xmlchars.git","node_modules/xmlchars"
"server","xmldoc","2.0.3","MIT","false","","git://github.com/nfarina/xmldoc.git","server/node_modules/xmldoc"
"client","xss","1.0.15","MIT","false","https://github.com/leizongmin/js-xss","git://github.com/leizongmin/js-xss.git","node_modules/xss"
"client","yargs","16.2.0","MIT","false","https://yargs.js.org/","https://github.com/yargs/yargs.git","node_modules/yargs"
"client","yn","3.1.1","MIT","false","","sindresorhus/yn","node_modules/yn"
"server","yn","3.1.1","MIT","false","","sindresorhus/yn","server/node_modules/yn"
"server","yocto-queue","0.1.0","MIT","false","","sindresorhus/yocto-queue","server/node_modules/yocto-queue"
"client","yorkie","2.0.0","MIT","false","https://github.com/yyx990803/yorkie","git://github.com/yyx990803/yorkie.git","node_modules/yorkie"
"server","yup","0.32.11","MIT","false","https://github.com/jquense/yup","git+https://github.com/jquense/yup.git","server/node_modules/yup"
"client","zen-observable","0.8.15","MIT","false","https://github.com/zenparsing/zen-observable","zenparsing/zen-observable","node_modules/zen-observable"
"client","zen-observable-ts","0.8.21","MIT","false","https://github.com/zenparsing/zen-observable","git+https://github.com/apollographql/apollo-link.git","node_modules/zen-observable-ts"
"server","nodemailer","8.0.8","MIT-0","true","https://nodemailer.com/","https://github.com/nodemailer/nodemailer.git","server/node_modules/nodemailer"
"client","optimist","0.6.1","MIT/X11","false","","http://github.com/substack/node-optimist.git","node_modules/optimist"
"client","webpack-chain","6.5.1","MPL-2.0","false","","neutrinojs/webpack-chain","node_modules/webpack-chain"
"client","@apollographql/graphql-language-service-interface","2.0.2","UNKNOWN","false","","https://github.com/apollographql/graphql-language-service","node_modules/@apollographql/graphql-language-service-interface"
"client","@apollographql/graphql-language-service-parser","2.0.2","UNKNOWN","false","","https://github.com/apollographql/graphql-language-service","node_modules/@apollographql/graphql-language-service-parser"
"client","@apollographql/graphql-language-service-types","2.0.2","UNKNOWN","false","","https://github.com/apollographql/graphql-language-service","node_modules/@apollographql/graphql-language-service-types"
"client","@apollographql/graphql-language-service-utils","2.0.2","UNKNOWN","false","","https://github.com/apollographql/graphql-language-service","node_modules/@apollographql/graphql-language-service-utils"
"server","png-js","1.1.0","UNKNOWN","false","","https://github.com/devongovett/png.js.git","server/node_modules/png-js"
"client","union","0.5.0","UNKNOWN","false","","http://github.com/flatiron/union.git","node_modules/union"
"client","event-pubsub","4.3.0","Unlicense","false","https://github.com/RIAEvangelist/event-pubsub","https://github.com/RIAEvangelist/event-pubsub.git","node_modules/event-pubsub"
"client","fs-monkey","1.1.0","Unlicense","false","","https://github.com/streamich/fs-monkey.git","node_modules/fs-monkey"
"client","memfs","3.5.3","Unlicense","false","","https://github.com/streamich/memfs.git","node_modules/memfs"
"server","tweetnacl","0.14.5","Unlicense","false","https://tweetnacl.js.org","https://github.com/dchest/tweetnacl-js.git","server/node_modules/tweetnacl"